#
# There is insufficient memory for the Java Runtime Environment to continue.
# Native memory allocation (mmap) failed to map 65536 bytes. Error detail: Failed to commit metaspace.
# Possible reasons:
#   The system is out of physical RAM or swap space
#   This process is running with CompressedOops enabled, and the Java Heap may be blocking the growth of the native heap
# Possible solutions:
#   Reduce memory load on the system
#   Increase physical memory or swap space
#   Check if swap backing store is full
#   Decrease Java heap size (-Xmx/-Xms)
#   Decrease number of Java threads
#   Decrease Java thread stack sizes (-Xss)
#   Set larger code cache with -XX:ReservedCodeCacheSize=
#   JVM is running with Unscaled Compressed Oops mode in which the Java heap is
#     placed in the first 4GB address space. The Java Heap base address is the
#     maximum limit for the native heap growth. Please use -XX:HeapBaseMinAddress
#     to set the Java Heap base and to place the Java Heap above 4GB virtual address.
# This output file may be truncated or incomplete.
#
#  Out of Memory Error (virtualSpaceNode.cpp:113), pid=12488, tid=10884
#
# JRE version: Java(TM) SE Runtime Environment (23.0+37) (build 23+37-2369)
# Java VM: Java HotSpot(TM) 64-Bit Server VM (23+37-2369, mixed mode, emulated-client, sharing, tiered, compressed oops, compressed class ptrs, g1 gc, windows-amd64)
# No core dump will be written. Minidumps are not enabled by default on client versions of Windows
#

---------------  S U M M A R Y ------------

Command Line: -XX:TieredStopAtLevel=1 -Dspring.output.ansi.enabled=always -Dcom.sun.management.jmxremote -Dspring.jmx.enabled=true -Dspring.liveBeansView.mbeanDomain -Dspring.application.admin.enabled=true -Dmanagement.endpoints.jmx.exposure.include=* -javaagent:C:\Program Files\JetBrains\IntelliJ IDEA 2025.1.3\lib\idea_rt.jar=63329 -Dfile.encoding=UTF-8 -Dsun.stdout.encoding=UTF-8 -Dsun.stderr.encoding=UTF-8 com.example.smartBiz.SmartBizApplication

Host: AMD Ryzen 5 7520U with Radeon Graphics         , 8 cores, 7G,  Windows 11 , 64 bit Build 26100 (10.0.26100.8115)
Time: Thu Apr  9 15:09:26 2026 Sri Lanka Standard Time elapsed time: 24.494913 seconds (0d 0h 0m 24s)

---------------  T H R E A D  ---------------

Current thread (0x000001a106b561a0):  JavaThread "main"             [_thread_in_vm, id=10884, stack(0x000000081a100000,0x000000081a200000) (1024K)]

Stack: [0x000000081a100000,0x000000081a200000]
Native frames: (J=compiled Java code, j=interpreted, Vv=VM code, C=native code)
V  [jvm.dll+0x6e08a9]  (no source info available)
V  [jvm.dll+0x87da63]  (no source info available)
V  [jvm.dll+0x87feee]  (no source info available)
V  [jvm.dll+0x8805c3]  (no source info available)
V  [jvm.dll+0x27aee6]  (no source info available)
V  [jvm.dll+0x87966e]  (no source info available)
V  [jvm.dll+0x682025]  (no source info available)
V  [jvm.dll+0x1e09dc]  (no source info available)
V  [jvm.dll+0x1e07ae]  (no source info available)
V  [jvm.dll+0x684978]  (no source info available)
V  [jvm.dll+0x2219dc]  (no source info available)
V  [jvm.dll+0x682a3e]  (no source info available)
V  [jvm.dll+0x266380]  (no source info available)
V  [jvm.dll+0x2129b7]  (no source info available)
V  [jvm.dll+0x20811e]  (no source info available)
V  [jvm.dll+0x5be6df]  (no source info available)
V  [jvm.dll+0x7f3a66]  (no source info available)
V  [jvm.dll+0x475cf6]  (no source info available)
V  [jvm.dll+0x47bb98]  (no source info available)
C  [java.dll+0x17d4]  (no source info available)
C  0x000001a10f6cddfc  (no source info available)

The last pc belongs to native nmethod (printed below).
Java frames: (J=compiled Java code, j=interpreted, Vv=VM code)
J 1386  java.lang.ClassLoader.defineClass1(Ljava/lang/ClassLoader;Ljava/lang/String;[BIILjava/security/ProtectionDomain;Ljava/lang/String;)Ljava/lang/Class; java.base@23 (0 bytes) @ 0x000001a10f6cdd61 [0x000001a10f6cdca0+0x00000000000000c1]
J 1557 c1 java.lang.ClassLoader.defineClass(Ljava/lang/String;[BIILjava/security/ProtectionDomain;)Ljava/lang/Class; java.base@23 (43 bytes) @ 0x000001a10f70c3fc [0x000001a10f70c2e0+0x000000000000011c]
J 1547 c1 jdk.internal.loader.BuiltinClassLoader.defineClass(Ljava/lang/String;Ljdk/internal/loader/Resource;)Ljava/lang/Class; java.base@23 (121 bytes) @ 0x000001a10f70aaec [0x000001a10f70a540+0x00000000000005ac]
J 1536 c1 jdk.internal.loader.BuiltinClassLoader.findClassOnClassPathOrNull(Ljava/lang/String;)Ljava/lang/Class; java.base@23 (64 bytes) @ 0x000001a10f705b2c [0x000001a10f705860+0x00000000000002cc]
J 1307 c1 jdk.internal.loader.BuiltinClassLoader.loadClassOrNull(Ljava/lang/String;Z)Ljava/lang/Class; java.base@23 (143 bytes) @ 0x000001a10f6b8104 [0x000001a10f6b7ce0+0x0000000000000424]
J 1411 c1 jdk.internal.loader.ClassLoaders$AppClassLoader.loadClass(Ljava/lang/String;Z)Ljava/lang/Class; java.base@23 (40 bytes) @ 0x000001a10f6d850c [0x000001a10f6d84c0+0x000000000000004c]
J 1402 c1 java.lang.ClassLoader.loadClass(Ljava/lang/String;)Ljava/lang/Class; java.base@23 (7 bytes) @ 0x000001a10f6d57f4 [0x000001a10f6d57a0+0x0000000000000054]
v  ~StubRoutines::call_stub 0x000001a10f270fcd
j  net.bytebuddy.asm.Advice$Dispatcher$Inlining.asMethodEnter(Ljava/util/List;Lnet/bytebuddy/utility/AsmClassReader;Lnet/bytebuddy/asm/Advice$Dispatcher$Unresolved;Lnet/bytebuddy/asm/Advice$PostProcessor$Factory;)Lnet/bytebuddy/asm/Advice$Dispatcher$Resolved$ForMethodEnter;+67
j  net.bytebuddy.asm.Advice.to(Lnet/bytebuddy/description/type/TypeDescription;Lnet/bytebuddy/asm/Advice$PostProcessor$Factory;Lnet/bytebuddy/dynamic/ClassFileLocator;Ljava/util/List;Lnet/bytebuddy/asm/Advice$Delegator$Factory;Lnet/bytebuddy/utility/AsmClassReader$Factory;)Lnet/bytebuddy/asm/Advice;+192
j  net.bytebuddy.asm.Advice.to(Lnet/bytebuddy/description/type/TypeDescription;Lnet/bytebuddy/dynamic/ClassFileLocator;)Lnet/bytebuddy/asm/Advice;+14
j  net.bytebuddy.asm.Advice.to(Ljava/lang/Class;Lnet/bytebuddy/dynamic/ClassFileLocator;)Lnet/bytebuddy/asm/Advice;+5
j  org.hibernate.bytecode.enhance.internal.bytebuddy.EnhancerImplConstants.<init>()V+585
j  org.hibernate.bytecode.internal.bytebuddy.ByteBuddyState.<init>(Lnet/bytebuddy/ClassFileVersion;)V+20
j  org.hibernate.bytecode.internal.bytebuddy.BytecodeProviderImpl.<init>(Lnet/bytebuddy/ClassFileVersion;)V+10
j  org.hibernate.bytecode.internal.bytebuddy.BytecodeProviderImpl.<init>()V+7
J 926 c1 java.lang.invoke.DirectMethodHandle$Holder.newInvokeSpecial(Ljava/lang/Object;)Ljava/lang/Object; java.base@23 (20 bytes) @ 0x000001a10f64897c [0x000001a10f6488c0+0x00000000000000bc]
J 906 c1 jdk.internal.reflect.DirectConstructorHandleAccessor.newInstance([Ljava/lang/Object;)Ljava/lang/Object; java.base@23 (130 bytes) @ 0x000001a10f5b6cbc [0x000001a10f5b6a00+0x00000000000002bc]
J 905 c1 java.lang.reflect.Constructor.newInstanceWithCaller([Ljava/lang/Object;ZLjava/lang/Class;)Ljava/lang/Object; java.base@23 (51 bytes) @ 0x000001a10f5b4cf4 [0x000001a10f5b4c40+0x00000000000000b4]
J 914 c1 java.lang.reflect.Constructor.newInstance([Ljava/lang/Object;)Ljava/lang/Object; java.base@23 (34 bytes) @ 0x000001a10f5b5ee4 [0x000001a10f5b5e40+0x00000000000000a4]
j  java.util.ServiceLoader$ProviderImpl.newInstance()Ljava/lang/Object;+19 java.base@23
j  java.util.ServiceLoader$ProviderImpl.get()Ljava/lang/Object;+13 java.base@23
j  java.util.ServiceLoader$3.next()Ljava/lang/Object;+58 java.base@23
j  org.hibernate.bytecode.internal.BytecodeProviderInitiator.getBytecodeProvider(Ljava/lang/Iterable;)Lorg/hibernate/bytecode/spi/BytecodeProvider;+25
j  org.hibernate.bytecode.internal.BytecodeProviderInitiator.buildDefaultBytecodeProvider()Lorg/hibernate/bytecode/spi/BytecodeProvider;+10
j  org.hibernate.jpa.internal.enhance.EnhancingClassTransformerImpl.<init>(Lorg/hibernate/bytecode/enhance/spi/EnhancementContext;)V+37
j  org.hibernate.jpa.boot.internal.PersistenceUnitInfoDescriptor.pushClassTransformer(Lorg/hibernate/bytecode/enhance/spi/EnhancementContext;)V+78
j  org.springframework.orm.jpa.vendor.SpringHibernateJpaPersistenceProvider$1.pushClassTransformer(Lorg/hibernate/bytecode/enhance/spi/EnhancementContext;)V+8
j  org.hibernate.jpa.boot.internal.EntityManagerFactoryBuilderImpl.setupEnhancement(Lorg/hibernate/jpa/boot/spi/PersistenceUnitDescriptor;Lorg/hibernate/boot/MetadataSources;)V+91
j  org.hibernate.jpa.boot.internal.EntityManagerFactoryBuilderImpl.<init>(Lorg/hibernate/jpa/boot/spi/PersistenceUnitDescriptor;Ljava/util/Map;Ljava/lang/ClassLoader;Lorg/hibernate/boot/registry/classloading/spi/ClassLoaderService;Ljava/util/function/Consumer;)V+175
j  org.hibernate.jpa.boot.internal.EntityManagerFactoryBuilderImpl.<init>(Lorg/hibernate/jpa/boot/spi/PersistenceUnitDescriptor;Ljava/util/Map;)V+6
j  org.springframework.orm.jpa.vendor.SpringHibernateJpaPersistenceProvider.createContainerEntityManagerFactory(Ljakarta/persistence/spi/PersistenceUnitInfo;Ljava/util/Map;)Ljakarta/persistence/EntityManagerFactory;+56
j  org.springframework.orm.jpa.LocalContainerEntityManagerFactoryBean.createNativeEntityManagerFactory()Ljakarta/persistence/EntityManagerFactory;+111
j  org.springframework.orm.jpa.AbstractEntityManagerFactoryBean.buildNativeEntityManagerFactory()Ljakarta/persistence/EntityManagerFactory;+1
j  org.springframework.orm.jpa.AbstractEntityManagerFactoryBean.afterPropertiesSet()V+192
j  org.springframework.orm.jpa.LocalContainerEntityManagerFactoryBean.afterPropertiesSet()V+238
j  org.springframework.beans.factory.support.AbstractAutowireCapableBeanFactory.invokeInitMethods(Ljava/lang/String;Ljava/lang/Object;Lorg/springframework/beans/factory/support/RootBeanDefinition;)V+56
j  org.springframework.beans.factory.support.AbstractAutowireCapableBeanFactory.initializeBean(Ljava/lang/String;Ljava/lang/Object;Lorg/springframework/beans/factory/support/RootBeanDefinition;)Ljava/lang/Object;+46
j  org.springframework.beans.factory.support.AbstractAutowireCapableBeanFactory.doCreateBean(Ljava/lang/String;Lorg/springframework/beans/factory/support/RootBeanDefinition;[Ljava/lang/Object;)Ljava/lang/Object;+228
j  org.springframework.beans.factory.support.AbstractAutowireCapableBeanFactory.createBean(Ljava/lang/String;Lorg/springframework/beans/factory/support/RootBeanDefinition;[Ljava/lang/Object;)Ljava/lang/Object;+153
j  org.springframework.beans.factory.support.AbstractBeanFactory.lambda$doGetBean$0(Ljava/lang/String;Lorg/springframework/beans/factory/support/RootBeanDefinition;[Ljava/lang/Object;)Ljava/lang/Object;+4
j  org.springframework.beans.factory.support.AbstractBeanFactory$$Lambda+0x000001a119299980.getObject()Ljava/lang/Object;+16
j  org.springframework.beans.factory.support.DefaultSingletonBeanRegistry.getSingleton(Ljava/lang/String;Lorg/springframework/beans/factory/ObjectFactory;)Ljava/lang/Object;+897
J 3686 c1 org.springframework.beans.factory.support.AbstractBeanFactory.doGetBean(Ljava/lang/String;Ljava/lang/Class;[Ljava/lang/Object;Z)Ljava/lang/Object; (791 bytes) @ 0x000001a10f99d0ac [0x000001a10f99ca00+0x00000000000006ac]
j  org.springframework.beans.factory.support.AbstractBeanFactory.getBean(Ljava/lang/String;)Ljava/lang/Object;+5
j  org.springframework.beans.factory.support.BeanDefinitionValueResolver.resolveReference(Ljava/lang/Object;Lorg/springframework/beans/factory/config/RuntimeBeanReference;)Ljava/lang/Object;+192
j  org.springframework.beans.factory.support.BeanDefinitionValueResolver.resolveValueIfNecessary(Ljava/lang/Object;Ljava/lang/Object;)Ljava/lang/Object;+15
j  org.springframework.beans.factory.support.ConstructorResolver.resolveConstructorArguments(Ljava/lang/String;Lorg/springframework/beans/factory/support/RootBeanDefinition;Lorg/springframework/beans/BeanWrapper;Lorg/springframework/beans/factory/config/ConstructorArgumentValues;Lorg/springframework/beans/factory/config/ConstructorArgumentValues;)I+182
j  org.springframework.beans.factory.support.ConstructorResolver.instantiateUsingFactoryMethod(Ljava/lang/String;Lorg/springframework/beans/factory/support/RootBeanDefinition;[Ljava/lang/Object;)Lorg/springframework/beans/BeanWrapper;+588
j  org.springframework.beans.factory.support.AbstractAutowireCapableBeanFactory.instantiateUsingFactoryMethod(Ljava/lang/String;Lorg/springframework/beans/factory/support/RootBeanDefinition;[Ljava/lang/Object;)Lorg/springframework/beans/BeanWrapper;+11
j  org.springframework.beans.factory.support.AbstractAutowireCapableBeanFactory.createBeanInstance(Ljava/lang/String;Lorg/springframework/beans/factory/support/RootBeanDefinition;[Ljava/lang/Object;)Lorg/springframework/beans/BeanWrapper;+93
j  org.springframework.beans.factory.support.AbstractAutowireCapableBeanFactory.doCreateBean(Ljava/lang/String;Lorg/springframework/beans/factory/support/RootBeanDefinition;[Ljava/lang/Object;)Ljava/lang/Object;+34
j  org.springframework.beans.factory.support.AbstractAutowireCapableBeanFactory.createBean(Ljava/lang/String;Lorg/springframework/beans/factory/support/RootBeanDefinition;[Ljava/lang/Object;)Ljava/lang/Object;+153
j  org.springframework.beans.factory.support.AbstractBeanFactory.lambda$doGetBean$0(Ljava/lang/String;Lorg/springframework/beans/factory/support/RootBeanDefinition;[Ljava/lang/Object;)Ljava/lang/Object;+4
j  org.springframework.beans.factory.support.AbstractBeanFactory$$Lambda+0x000001a119299980.getObject()Ljava/lang/Object;+16
j  org.springframework.beans.factory.support.DefaultSingletonBeanRegistry.getSingleton(Ljava/lang/String;Lorg/springframework/beans/factory/ObjectFactory;)Ljava/lang/Object;+897
J 3686 c1 org.springframework.beans.factory.support.AbstractBeanFactory.doGetBean(Ljava/lang/String;Ljava/lang/Class;[Ljava/lang/Object;Z)Ljava/lang/Object; (791 bytes) @ 0x000001a10f99d0ac [0x000001a10f99ca00+0x00000000000006ac]
J 3728 c1 org.springframework.beans.factory.support.AbstractBeanFactory.getBean(Ljava/lang/String;Ljava/lang/Class;)Ljava/lang/Object; (9 bytes) @ 0x000001a10f9a9374 [0x000001a10f9a9320+0x0000000000000054]
j  org.springframework.beans.factory.support.BeanDefinitionValueResolver.resolveReference(Ljava/lang/Object;Lorg/springframework/beans/factory/config/RuntimeBeanReference;)Ljava/lang/Object;+152
j  org.springframework.beans.factory.support.BeanDefinitionValueResolver.resolveValueIfNecessary(Ljava/lang/Object;Ljava/lang/Object;)Ljava/lang/Object;+15
j  org.springframework.beans.factory.support.AbstractAutowireCapableBeanFactory.applyPropertyValues(Ljava/lang/String;Lorg/springframework/beans/factory/config/BeanDefinition;Lorg/springframework/beans/BeanWrapper;Lorg/springframework/beans/PropertyValues;)V+277
j  org.springframework.beans.factory.support.AbstractAutowireCapableBeanFactory.populateBean(Ljava/lang/String;Lorg/springframework/beans/factory/support/RootBeanDefinition;Lorg/springframework/beans/BeanWrapper;)V+351
j  org.springframework.beans.factory.support.AbstractAutowireCapableBeanFactory.doCreateBean(Ljava/lang/String;Lorg/springframework/beans/factory/support/RootBeanDefinition;[Ljava/lang/Object;)Ljava/lang/Object;+220
j  org.springframework.beans.factory.support.AbstractAutowireCapableBeanFactory.createBean(Ljava/lang/String;Lorg/springframework/beans/factory/support/RootBeanDefinition;[Ljava/lang/Object;)Ljava/lang/Object;+153
j  org.springframework.beans.factory.support.AbstractBeanFactory.lambda$doGetBean$0(Ljava/lang/String;Lorg/springframework/beans/factory/support/RootBeanDefinition;[Ljava/lang/Object;)Ljava/lang/Object;+4
j  org.springframework.beans.factory.support.AbstractBeanFactory$$Lambda+0x000001a119299980.getObject()Ljava/lang/Object;+16
j  org.springframework.beans.factory.support.DefaultSingletonBeanRegistry.getSingleton(Ljava/lang/String;Lorg/springframework/beans/factory/ObjectFactory;)Ljava/lang/Object;+897
J 3686 c1 org.springframework.beans.factory.support.AbstractBeanFactory.doGetBean(Ljava/lang/String;Ljava/lang/Class;[Ljava/lang/Object;Z)Ljava/lang/Object; (791 bytes) @ 0x000001a10f99d0ac [0x000001a10f99ca00+0x00000000000006ac]
J 3728 c1 org.springframework.beans.factory.support.AbstractBeanFactory.getBean(Ljava/lang/String;Ljava/lang/Class;)Ljava/lang/Object; (9 bytes) @ 0x000001a10f9a9374 [0x000001a10f9a9320+0x0000000000000054]
j  org.springframework.beans.factory.support.DefaultListableBeanFactory.resolveBean(Ljava/lang/String;Lorg/springframework/core/ResolvableType;)Ljava/lang/Object;+6
j  org.springframework.beans.factory.support.DefaultListableBeanFactory.doResolveDependency(Lorg/springframework/beans/factory/config/DependencyDescriptor;Ljava/lang/String;Ljava/util/Set;Lorg/springframework/beans/TypeConverter;)Ljava/lang/Object;+350
j  org.springframework.beans.factory.support.DefaultListableBeanFactory.resolveDependency(Lorg/springframework/beans/factory/config/DependencyDescriptor;Ljava/lang/String;Ljava/util/Set;Lorg/springframework/beans/TypeConverter;)Ljava/lang/Object;+115
j  org.springframework.beans.factory.support.ConstructorResolver.resolveAutowiredArgument(Lorg/springframework/beans/factory/config/DependencyDescriptor;Ljava/lang/Class;Ljava/lang/String;Ljava/util/Set;Lorg/springframework/beans/TypeConverter;Z)Ljava/lang/Object;+56
j  org.springframework.beans.factory.support.ConstructorResolver.createArgumentArray(Ljava/lang/String;Lorg/springframework/beans/factory/support/RootBeanDefinition;Lorg/springframework/beans/factory/config/ConstructorArgumentValues;Lorg/springframework/beans/BeanWrapper;[Ljava/lang/Class;[Ljava/lang/String;Ljava/lang/reflect/Executable;ZZ)Lorg/springframework/beans/factory/support/ConstructorResolver$ArgumentsHolder;+420
j  org.springframework.beans.factory.support.ConstructorResolver.autowireConstructor(Ljava/lang/String;Lorg/springframework/beans/factory/support/RootBeanDefinition;[Ljava/lang/reflect/Constructor;[Ljava/lang/Object;)Lorg/springframework/beans/BeanWrapper;+533
j  org.springframework.beans.factory.support.AbstractAutowireCapableBeanFactory.autowireConstructor(Ljava/lang/String;Lorg/springframework/beans/factory/support/RootBeanDefinition;[Ljava/lang/reflect/Constructor;[Ljava/lang/Object;)Lorg/springframework/beans/BeanWrapper;+13
j  org.springframework.beans.factory.support.AbstractAutowireCapableBeanFactory.createBeanInstance(Ljava/lang/String;Lorg/springframework/beans/factory/support/RootBeanDefinition;[Ljava/lang/Object;)Lorg/springframework/beans/BeanWrapper;+213
j  org.springframework.beans.factory.support.AbstractAutowireCapableBeanFactory.doCreateBean(Ljava/lang/String;Lorg/springframework/beans/factory/support/RootBeanDefinition;[Ljava/lang/Object;)Ljava/lang/Object;+34
j  org.springframework.beans.factory.support.AbstractAutowireCapableBeanFactory.createBean(Ljava/lang/String;Lorg/springframework/beans/factory/support/RootBeanDefinition;[Ljava/lang/Object;)Ljava/lang/Object;+153
j  org.springframework.beans.factory.support.AbstractBeanFactory.lambda$doGetBean$0(Ljava/lang/String;Lorg/springframework/beans/factory/support/RootBeanDefinition;[Ljava/lang/Object;)Ljava/lang/Object;+4
j  org.springframework.beans.factory.support.AbstractBeanFactory$$Lambda+0x000001a119299980.getObject()Ljava/lang/Object;+16
j  org.springframework.beans.factory.support.DefaultSingletonBeanRegistry.getSingleton(Ljava/lang/String;Lorg/springframework/beans/factory/ObjectFactory;)Ljava/lang/Object;+897
J 3686 c1 org.springframework.beans.factory.support.AbstractBeanFactory.doGetBean(Ljava/lang/String;Ljava/lang/Class;[Ljava/lang/Object;Z)Ljava/lang/Object; (791 bytes) @ 0x000001a10f99d0ac [0x000001a10f99ca00+0x00000000000006ac]
J 3728 c1 org.springframework.beans.factory.support.AbstractBeanFactory.getBean(Ljava/lang/String;Ljava/lang/Class;)Ljava/lang/Object; (9 bytes) @ 0x000001a10f9a9374 [0x000001a10f9a9320+0x0000000000000054]
j  org.springframework.boot.web.servlet.ServletContextInitializerBeans.getOrderedBeansOfType(Lorg/springframework/beans/factory/ListableBeanFactory;Ljava/lang/Class;Lorg/springframework/boot/web/servlet/ServletContextInitializerBeans$Seen;)Ljava/util/List;+68
j  org.springframework.boot.web.servlet.ServletContextInitializerBeans.addAsRegistrationBean(Lorg/springframework/beans/factory/ListableBeanFactory;Ljava/lang/Class;Ljava/lang/Class;Lorg/springframework/boot/web/servlet/ServletContextInitializerBeans$RegistrationBeanAdapter;)V+7
j  org.springframework.boot.web.servlet.ServletContextInitializerBeans.addAsRegistrationBean(Lorg/springframework/beans/factory/ListableBeanFactory;Ljava/lang/Class;Lorg/springframework/boot/web/servlet/ServletContextInitializerBeans$RegistrationBeanAdapter;)V+5
j  org.springframework.boot.web.servlet.ServletContextInitializerBeans.addAdaptableBeans(Lorg/springframework/beans/factory/ListableBeanFactory;)V+34
j  org.springframework.boot.web.servlet.ServletContextInitializerBeans.<init>(Lorg/springframework/beans/factory/ListableBeanFactory;[Ljava/lang/Class;)V+54
j  org.springframework.boot.web.context.servlet.WebApplicationContextInitializer.initialize(Ljakarta/servlet/ServletContext;)V+49
j  org.springframework.boot.web.server.servlet.context.ServletWebServerApplicationContext$$Lambda+0x000001a119552200.onStartup(Ljakarta/servlet/ServletContext;)V+5
j  org.springframework.boot.tomcat.servlet.DeferredServletContainerInitializers.onStartup(Ljava/util/Set;Ljakarta/servlet/ServletContext;)V+33
j  org.apache.catalina.core.StandardContext.startInternal()V+1043
j  org.apache.catalina.util.LifecycleBase.start()V+210
j  org.apache.catalina.core.ContainerBase$StartChild.call()Ljava/lang/Void;+4
j  org.apache.catalina.core.ContainerBase$StartChild.call()Ljava/lang/Object;+1
j  java.util.concurrent.FutureTask.run()V+39 java.base@23
j  org.apache.tomcat.util.threads.InlineExecutorService.execute(Ljava/lang/Runnable;)V+38
j  java.util.concurrent.AbstractExecutorService.submit(Ljava/util/concurrent/Callable;)Ljava/util/concurrent/Future;+20 java.base@23
j  org.apache.catalina.core.ContainerBase.startInternal()V+116
j  org.apache.catalina.core.StandardHost.startInternal()V+177
j  org.apache.catalina.util.LifecycleBase.start()V+210
j  org.apache.catalina.core.ContainerBase$StartChild.call()Ljava/lang/Void;+4
j  org.apache.catalina.core.ContainerBase$StartChild.call()Ljava/lang/Object;+1
j  java.util.concurrent.FutureTask.run()V+39 java.base@23
j  org.apache.tomcat.util.threads.InlineExecutorService.execute(Ljava/lang/Runnable;)V+38
j  java.util.concurrent.AbstractExecutorService.submit(Ljava/util/concurrent/Callable;)Ljava/util/concurrent/Future;+20 java.base@23
j  org.apache.catalina.core.ContainerBase.startInternal()V+116
j  org.apache.catalina.core.StandardEngine.startInternal()V+38
j  org.apache.catalina.util.LifecycleBase.start()V+210
j  org.apache.catalina.core.StandardService.startInternal()V+56
j  org.apache.catalina.util.LifecycleBase.start()V+210
j  org.apache.catalina.core.StandardServer.startInternal()V+84
j  org.apache.catalina.util.LifecycleBase.start()V+210
j  org.apache.catalina.startup.Tomcat.start()V+9
j  org.springframework.boot.tomcat.TomcatWebServer.initialize()V+55
j  org.springframework.boot.tomcat.TomcatWebServer.<init>(Lorg/apache/catalina/startup/Tomcat;ZLorg/springframework/boot/web/server/Shutdown;)V+66
j  org.springframework.boot.tomcat.servlet.TomcatServletWebServerFactory.getTomcatWebServer(Lorg/apache/catalina/startup/Tomcat;)Lorg/springframework/boot/tomcat/TomcatWebServer;+21
j  org.springframework.boot.tomcat.servlet.TomcatServletWebServerFactory.getWebServer([Lorg/springframework/boot/web/servlet/ServletContextInitializer;)Lorg/springframework/boot/web/server/WebServer;+16
j  org.springframework.boot.web.server.servlet.context.ServletWebServerApplicationContext.createWebServer()V+68
j  org.springframework.boot.web.server.servlet.context.ServletWebServerApplicationContext.onRefresh()V+5
j  org.springframework.context.support.AbstractApplicationContext.refresh()V+85
j  org.springframework.boot.web.server.servlet.context.ServletWebServerApplicationContext.refresh()V+1
j  org.springframework.boot.SpringApplication.refresh(Lorg/springframework/context/ConfigurableApplicationContext;)V+1
j  org.springframework.boot.SpringApplication.refreshContext(Lorg/springframework/context/ConfigurableApplicationContext;)V+19
j  org.springframework.boot.SpringApplication.run([Ljava/lang/String;)Lorg/springframework/context/ConfigurableApplicationContext;+113
j  org.springframework.boot.SpringApplication.run([Ljava/lang/Class;[Ljava/lang/String;)Lorg/springframework/context/ConfigurableApplicationContext;+9
j  org.springframework.boot.SpringApplication.run(Ljava/lang/Class;[Ljava/lang/String;)Lorg/springframework/context/ConfigurableApplicationContext;+9
j  com.example.smartBiz.SmartBizApplication.main([Ljava/lang/String;)V+3
v  ~StubRoutines::call_stub 0x000001a10f270fcd
Lock stack of current Java thread (top to bottom):
LockStack[1]: java.lang.Object 
{0x00000000905df7c0} - klass: 'java/lang/Object'
 - ---- fields (total size 2 words):
LockStack[0]: [I 
{0x00000000905d1598} - klass: {type array int}
 - length: 0


Compiled method (n/a) 24554 1386     n 0       java.lang.ClassLoader::defineClass1 (native)
 total in heap  [0x000001a10f6cdb88,0x000001a10f6ce140] = 1464
 relocation     [0x000001a10f6cdc60,0x000001a10f6cdc98] = 56
 main code      [0x000001a10f6cdca0,0x000001a10f6ce13f] = 1183
 stub code      [0x000001a10f6ce13f,0x000001a10f6ce140] = 1

[Constant Pool (empty)]

[MachCode]
[Entry Point]
  # {method} {0x000001a118478b68} 'defineClass1' '(Ljava/lang/ClassLoader;Ljava/lang/String;[BIILjava/security/ProtectionDomain;Ljava/lang/String;)Ljava/lang/Class;' in 'java/lang/ClassLoader'
  # parm0:    rdx:rdx   = 'java/lang/ClassLoader'
  # parm1:    r8:r8     = 'java/lang/String'
  # parm2:    r9:r9     = '[B'
  # parm3:    rdi       = int
  # parm4:    rsi       = int
  # parm5:    rcx:rcx   = 'java/security/ProtectionDomain'
  # parm6:    [sp+0xa0]   = 'java/lang/String'  (sp of caller)
  0x000001a10f6cdca0: 6690 448b | 5208 443b 

  0x000001a10f6cdca8: ;   {runtime_call ic_miss_stub}
  0x000001a10f6cdca8: 5008 0f85 | 3008 bfff 
[Verified Entry Point]
  0x000001a10f6cdcb0: 8984 2400 | 80ff ff55 | 488b ec48 | 81ec 9000 | 0000 6690 | 4181 7f20 | 0500 0000 

  0x000001a10f6cdccc: ;   {runtime_call StubRoutines (final stubs)}
  0x000001a10f6cdccc: 7405 e86d | 9abd ff48 | 837d 1000 | 488d 4510 | 480f 4445 | 1048 8944 | 2440 4889 | 4c24 7048 
  0x000001a10f6cdcec: 83f9 0048 | 8d44 2470 | 480f 4444 | 2470 4889 | 4424 3848 | 8974 2430 | 4889 7c24 | 284c 894c 
  0x000001a10f6cdd0c: 2458 4983 | f900 488d | 4424 5848 | 0f44 4424 | 5848 8944 | 2420 4c89 | 4424 5049 | 83f8 004c 
  0x000001a10f6cdd2c: 8d4c 2450 | 4c0f 444c | 2450 4889 | 5424 4848 | 83fa 004c | 8d44 2448 | 4c0f 4444 

  0x000001a10f6cdd48: ;   {oop(a 'java/lang/Class'{0x000000008c694f98} = 'java/lang/ClassLoader')}
  0x000001a10f6cdd48: 2448 49be | 984f 698c | 0000 0000 | 4c89 7424 | 784c 8d74 | 2478 498b | d6c5 f877 

  0x000001a10f6cdd64: ;   {internal_word}
  0x000001a10f6cdd64: 49ba 61dd | 6c0f a101 | 0000 4d89 | 97a8 0300 | 0049 89a7 | a003 0000 

  0x000001a10f6cdd7c: ;   {external_word}
  0x000001a10f6cdd7c: 49ba 41ad | bef2 f97f | 0000 4180 | 3a00 0f84 | 4e00 0000 | 5241 5041 

  0x000001a10f6cdd94: ;   {metadata({method} {0x000001a118478b68} 'defineClass1' '(Ljava/lang/ClassLoader;Ljava/lang/String;[BIILjava/security/ProtectionDomain;Ljava/lang/String;)Ljava/lang/Class;' in 'java/lang/ClassLoader')}
  0x000001a10f6cdd94: 5148 ba60 | 8b47 18a1 | 0100 0049 | 8bcf 4883 | ec20 40f6 | c40f 0f84 | 1900 0000 | 4883 ec08 
  0x000001a10f6cddb4: ;   {runtime_call}
  0x000001a10f6cddb4: 48b8 00ee | 6ef2 f97f | 0000 ffd0 | 4883 c408 | e90c 0000 

  0x000001a10f6cddc8: ;   {runtime_call}
  0x000001a10f6cddc8: 0048 b800 | ee6e f2f9 | 7f00 00ff | d048 83c4 | 2041 5941 | 585a 498d | 8fc0 0300 | 0041 c787 
  0x000001a10f6cdde8: 4404 0000 | 0400 0000 

  0x000001a10f6cddf0: ;   {runtime_call}
  0x000001a10f6cddf0: 48b8 9416 | 9465 fa7f | 0000 ffd0 | c5f8 7741 | c787 4404 | 0000 0500 | 0000 f083 | 4424 c000 
  0x000001a10f6cde10: 493b af48 | 0400 000f | 870e 0000 | 0041 83bf | 4004 0000 | 000f 842b | 0000 00c5 | f877 4889 
  0x000001a10f6cde30: 45f8 498b | cf4c 8be4 | 4883 ec20 | 4883 e4f0 

  0x000001a10f6cde40: ;   {runtime_call}
  0x000001a10f6cde40: 48b8 90a9 | 38f2 f97f | 0000 ffd0 | 498b e44d | 33e4 488b | 45f8 41c7 | 8744 0400 | 0008 0000 
  0x000001a10f6cde60: 0041 83bf | c804 0000 | 020f 84a3 

  0x000001a10f6cde6c: ;   {external_word}
  0x000001a10f6cde6c: 0200 0049 | ba41 adbe | f2f9 7f00 | 0041 803a | 000f 844c | 0000 0048 

  0x000001a10f6cde84: ;   {metadata({method} {0x000001a118478b68} 'defineClass1' '(Ljava/lang/ClassLoader;Ljava/lang/String;[BIILjava/security/ProtectionDomain;Ljava/lang/String;)Ljava/lang/Class;' in 'java/lang/ClassLoader')}
  0x000001a10f6cde84: 8945 f848 | ba60 8b47 | 18a1 0100 | 0049 8bcf | 4883 ec20 | 40f6 c40f | 0f84 1900 | 0000 4883 
  0x000001a10f6cdea4: ;   {runtime_call}
  0x000001a10f6cdea4: ec08 48b8 | 00ee 6ef2 | f97f 0000 | ffd0 4883 | c408 e90c 

  0x000001a10f6cdeb8: ;   {runtime_call}
  0x000001a10f6cdeb8: 0000 0048 | b800 ee6e | f2f9 7f00 | 00ff d048 | 83c4 2048 | 8b45 f849 | c787 a003 | 0000 0000 
  0x000001a10f6cded8: 0000 49c7 | 87a8 0300 | 0000 0000 | 00c5 f877 | 4885 c00f | 84fe 0100 | 00a8 030f | 8508 0000 
  0x000001a10f6cdef8: 0048 8b00 | e9ee 0100 | 00a8 010f | 8509 0000 | 0048 8b40 | fee9 dd01 | 0000 488b | 40ff 4180 
  0x000001a10f6cdf18: 7f38 000f | 84ce 0100 | 0048 83f8 | 000f 84c4 | 0100 0049 | 8b4f 2848 | 83f9 000f | 8414 0000 
  0x000001a10f6cdf38: 0048 83e9 | 0849 894f | 2849 034f | 3048 8901 | e9a2 0100 | 0048 81ec | d000 0000 | 4889 0424 
  0x000001a10f6cdf58: 4889 4c24 | 0848 8954 | 2410 4889 | 7424 1848 | 897c 2420 | 4c89 4424 | 284c 894c | 2430 4c89 
  0x000001a10f6cdf78: 5424 384c | 895c 2440 | c5fb 1144 | 2450 c5fb | 114c 2458 | c5fb 1154 | 2460 c5fb | 115c 2468 
  0x000001a10f6cdf98: c5fb 1164 | 2470 c5fb | 116c 2478 | c5fb 11b4 | 2480 0000 | 00c5 fb11 | bc24 8800 | 0000 c57b 
  0x000001a10f6cdfb8: ;   {no_reloc}
  0x000001a10f6cdfb8: 1184 2490 | 0000 00c5 | 7b11 8c24 | 9800 0000 | c57b 1194 | 24a0 0000 | 00c5 7b11 | 9c24 a800 
  0x000001a10f6cdfd8: 0000 c57b | 11a4 24b0 | 0000 00c5 | 7b11 ac24 | b800 0000 | c57b 11b4 | 24c0 0000 | 00c5 7b11 
  0x000001a10f6cdff8: bc24 c800 | 0000 498b | d748 8bc8 | 4883 ec20 | 40f6 c40f | 0f84 1900 | 0000 4883 

  0x000001a10f6ce014: ;   {runtime_call}
  0x000001a10f6ce014: ec08 48b8 | e007 2cf2 | f97f 0000 | ffd0 4883 | c408 e90c 

  0x000001a10f6ce028: ;   {runtime_call}
  0x000001a10f6ce028: 0000 0048 | b8e0 072c | f2f9 7f00 | 00ff d048 | 83c4 20c5 | 7b10 bc24 | c800 0000 | c57b 10b4 
  0x000001a10f6ce048: 24c0 0000 | 00c5 7b10 | ac24 b800 | 0000 c57b | 10a4 24b0 | 0000 00c5 | 7b10 9c24 | a800 0000 
  0x000001a10f6ce068: c57b 1094 | 24a0 0000 | 00c5 7b10 | 8c24 9800 | 0000 c57b | 1084 2490 | 0000 00c5 | fb10 bc24 
  0x000001a10f6ce088: 8800 0000 | c5fb 10b4 | 2480 0000 | 00c5 fb10 | 6c24 78c5 | fb10 6424 | 70c5 fb10 | 5c24 68c5 
  0x000001a10f6ce0a8: fb10 5424 | 60c5 fb10 | 4c24 58c5 | fb10 4424 | 504c 8b5c | 2440 4c8b | 5424 384c | 8b4c 2430 
  0x000001a10f6ce0c8: 4c8b 4424 | 2848 8b7c | 2420 488b | 7424 1848 | 8b54 2410 | 488b 4c24 | 0848 8b04 | 2448 81c4 
  0x000001a10f6ce0e8: d000 0000 | c5f8 7749 | 8b8f 3004 | 0000 c781 | 0001 0000 | 0000 0000 | c949 837f | 0800 0f85 
  0x000001a10f6ce108: 0100 0000 

  0x000001a10f6ce10c: ;   {runtime_call StubRoutines (initial stubs)}
  0x000001a10f6ce10c: c3e9 ae2d | baff c5f8 | 7748 8945 | f84c 8be4 | 4883 ec20 | 4883 e4f0 

  0x000001a10f6ce124: ;   {runtime_call}
  0x000001a10f6ce124: 48b8 b022 | 6ff2 f97f | 0000 ffd0 | 498b e44d | 33e4 488b | 45f8 e930 | fdff fff4 
[/MachCode]


Compiled method (c1) 24560 1557       1       java.lang.ClassLoader::defineClass (43 bytes)
 total in heap  [0x000001a10f70c188,0x000001a10f70c558] = 976
 relocation     [0x000001a10f70c260,0x000001a10f70c2d0] = 112
 main code      [0x000001a10f70c2e0,0x000001a10f70c4a0] = 448
 stub code      [0x000001a10f70c4a0,0x000001a10f70c518] = 120
 metadata       [0x000001a10f70c518,0x000001a10f70c558] = 64
 immutable data [0x000001a15d505cf0,0x000001a15d505e88] = 408
 dependencies   [0x000001a15d505cf0,0x000001a15d505d08] = 24
 nul chk table  [0x000001a15d505d08,0x000001a15d505d30] = 40
 scopes pcs     [0x000001a15d505d30,0x000001a15d505dd0] = 160
 scopes data    [0x000001a15d505dd0,0x000001a15d505e88] = 184

[Constant Pool (empty)]

[MachCode]
[Instructions begin]
  0x000001a10f70c2e0: 660f 1f84 | 0000 0000 | 0066 0f1f | 8400 0000 | 0000 448b | 5208 443b 

  0x000001a10f70c2f8: ;   {runtime_call ic_miss_stub}
  0x000001a10f70c2f8: 5008 0f85 | e021 bbff 
[Verified Entry Point]
  0x000001a10f70c300: 8984 2400 | 80ff ff55 | 4881 ecb0 | 0000 0090 | 4181 7f20 | 0500 0000 

  0x000001a10f70c318: ;   {runtime_call StubRoutines (final stubs)}
  0x000001a10f70c318: 7405 e821 | b4b9 ff48 | 8954 2478 | 89b4 2494 | 0000 0089 | bc24 9000 | 0000 4c89 | 8c24 8800 
  0x000001a10f70c338: 0000 498b | d84c 8bc3 | 4c8b c948 | 8bca 488b | d148 899c | 2480 0000 | 0066 0f1f 

  0x000001a10f70c354: ;   {optimized virtual_call}
  0x000001a10f70c354: 4400 00e8 

  0x000001a10f70c358: ; ImmutableOopMap {[120]=Oop [128]=Oop [136]=Oop }
                      ;*invokevirtual preDefineClass {reexecute=0 rethrow=0 return_oop=0}
                      ; - java.lang.ClassLoader::defineClass@4 (line 1024)
  0x000001a10f70c358: e4c2 ffff 

  0x000001a10f70c35c: ;   {other}
  0x000001a10f70c35c: 0f1f 8400 | d401 0000 | 4889 8424 | 9800 0000 

  0x000001a10f70c36c: ; implicit exception: dispatches to 0x000001a10f70c44a
  0x000001a10f70c36c: 448b 4010 | 4d85 c00f | 850f 0000 

  0x000001a10f70c378: ;   {oop(nullptr)}
  0x000001a10f70c378: 0048 bb00 | 0000 0000 | 0000 00e9 | 3f00 0000 

  0x000001a10f70c388: ; implicit exception: dispatches to 0x000001a10f70c44f
  0x000001a10f70c388: 458b 400c | 4d85 c00f | 850f 0000 

  0x000001a10f70c394: ;   {oop(nullptr)}
  0x000001a10f70c394: 0048 bb00 | 0000 0000 | 0000 00e9 | 2300 0000 

  0x000001a10f70c3a4: ; implicit exception: dispatches to 0x000001a10f70c454
  0x000001a10f70c3a4: 418b 5038 

  0x000001a10f70c3a8: ; implicit exception: dispatches to 0x000001a10f70c459
  0x000001a10f70c3a8: 483b 020f 

  0x000001a10f70c3ac: ;   {optimized virtual_call}
  0x000001a10f70c3ac: 1f40 00e8 

  0x000001a10f70c3b0: ; ImmutableOopMap {[120]=Oop [128]=Oop [136]=Oop [152]=Oop }
                      ;*invokevirtual toExternalForm {reexecute=0 rethrow=0 return_oop=0}
                      ; - java.net.URL::toExternalForm@5 (line 1203)
                      ; - java.net.URL::toString@1 (line 1189)
                      ; - java.lang.ClassLoader::defineClassSourceLocation@22 (line 928)
                      ; - java.lang.ClassLoader::defineClass@12 (line 1025)
  0x000001a10f70c3b0: cc33 fdff 

  0x000001a10f70c3b4: ;   {other}
  0x000001a10f70c3b4: 0f1f 8400 | 2c02 0001 | 488b d848 | 8b84 2498 | 0000 008b | b424 9400 | 0000 8bbc | 2490 0000 
  0x000001a10f70c3d4: 004c 8b8c | 2488 0000 | 004c 8b84 | 2480 0000 | 0048 8b54 | 2478 4c8b | da49 8bd3 | 488b c848 
  0x000001a10f70c3f4: ;   {static_call}
  0x000001a10f70c3f4: 891c 24e8 

  0x000001a10f70c3f8: ; ImmutableOopMap {[120]=Oop [152]=Oop }
                      ;*invokestatic defineClass1 {reexecute=0 rethrow=0 return_oop=0}
                      ; - java.lang.ClassLoader::defineClass@27 (line 1026)
  0x000001a10f70c3f8: b418 fcff 

  0x000001a10f70c3fc: ;   {other}
  0x000001a10f70c3fc: 0f1f 8400 | 7402 0002 | 4c8b c04c | 8b8c 2498 | 0000 0048 | 8b54 2478 | 4889 8424 | a000 0000 
  0x000001a10f70c41c: ;   {optimized virtual_call}
  0x000001a10f70c41c: 6666 90e8 

  0x000001a10f70c420: ; ImmutableOopMap {[160]=Oop }
                      ;*invokevirtual postDefineClass {reexecute=0 rethrow=0 return_oop=0}
                      ; - java.lang.ClassLoader::defineClass@37 (line 1027)
  0x000001a10f70c420: 5cac ffff 

  0x000001a10f70c424: ;   {other}
  0x000001a10f70c424: 0f1f 8400 | 9c02 0003 | 488b 8424 | a000 0000 | 4881 c4b0 | 0000 005d 

  0x000001a10f70c43c: ;   {poll_return}
  0x000001a10f70c43c: 493b a748 | 0400 000f | 8715 0000 

  0x000001a10f70c448: ;   {runtime_call throw_null_pointer_exception Runtime1 stub}
  0x000001a10f70c448: 00c3 e891 

  0x000001a10f70c44c: ; ImmutableOopMap {rax=Oop [120]=Oop [128]=Oop [136]=Oop [152]=Oop }
                      ;*invokevirtual getCodeSource {reexecute=0 rethrow=0 return_oop=0}
                      ; - java.lang.ClassLoader::defineClassSourceLocation@1 (line 925)
                      ; - java.lang.ClassLoader::defineClass@12 (line 1025)
                      ;   {runtime_call throw_null_pointer_exception Runtime1 stub}
  0x000001a10f70c44c: 10c6 ffe8 

  0x000001a10f70c450: ; ImmutableOopMap {rax=Oop [120]=Oop [128]=Oop [136]=Oop [152]=Oop }
                      ;*invokevirtual getLocation {reexecute=0 rethrow=0 return_oop=0}
                      ; - java.lang.ClassLoader::defineClassSourceLocation@12 (line 927)
                      ; - java.lang.ClassLoader::defineClass@12 (line 1025)
  0x000001a10f70c450: 8c10 c6ff 

  0x000001a10f70c454: ;   {runtime_call throw_null_pointer_exception Runtime1 stub}
  0x000001a10f70c454: e887 10c6 

  0x000001a10f70c458: ; ImmutableOopMap {r8=Oop [120]=Oop [128]=Oop [136]=Oop [152]=Oop }
                      ;*invokevirtual toString {reexecute=0 rethrow=0 return_oop=0}
                      ; - java.lang.ClassLoader::defineClassSourceLocation@22 (line 928)
                      ; - java.lang.ClassLoader::defineClass@12 (line 1025)
                      ;   {runtime_call throw_null_pointer_exception Runtime1 stub}
  0x000001a10f70c458: ffe8 8210 

  0x000001a10f70c45c: ; ImmutableOopMap {r8=Oop rdx=Oop [120]=Oop [128]=Oop [136]=Oop [152]=Oop }
                      ;*invokevirtual toExternalForm {reexecute=0 rethrow=0 return_oop=0}
                      ; - java.net.URL::toExternalForm@5 (line 1203)
                      ; - java.net.URL::toString@1 (line 1189)
                      ; - java.lang.ClassLoader::defineClassSourceLocation@22 (line 928)
                      ; - java.lang.ClassLoader::defineClass@12 (line 1025)
                      ;   {internal_word}
  0x000001a10f70c45c: c6ff 49ba | 3cc4 700f | a101 0000 | 4d89 9760 

  0x000001a10f70c46c: ;   {runtime_call SafepointBlob}
  0x000001a10f70c46c: 0400 00e9 | 6c8f bbff | 498b 8700 | 0500 0049 | c787 0005 | 0000 0000 | 0000 49c7 | 8708 0500 
  0x000001a10f70c48c: 0000 0000 | 0048 81c4 | b000 0000 

  0x000001a10f70c498: ;   {runtime_call unwind_exception Runtime1 stub}
  0x000001a10f70c498: 5de9 4201 | c6ff f4f4 
[Stub Code]
  0x000001a10f70c4a0: ;   {no_reloc}
  0x000001a10f70c4a0: 0f1f 4400 

  0x000001a10f70c4a4: ;   {static_stub}
  0x000001a10f70c4a4: 0048 bb00 | 0000 0000 

  0x000001a10f70c4ac: ;   {runtime_call nmethod}
  0x000001a10f70c4ac: 0000 00e9 | fbff ffff 

  0x000001a10f70c4b4: ;   {static_stub}
  0x000001a10f70c4b4: 48bb 0000 | 0000 0000 

  0x000001a10f70c4bc: ;   {runtime_call nmethod}
  0x000001a10f70c4bc: 0000 e9fb 

  0x000001a10f70c4c0: ;   {static_stub}
  0x000001a10f70c4c0: ffff ff48 | bb00 0000 | 0000 0000 

  0x000001a10f70c4cc: ;   {runtime_call nmethod}
  0x000001a10f70c4cc: 00e9 fbff 

  0x000001a10f70c4d0: ;   {static_stub}
  0x000001a10f70c4d0: ffff 48bb | 0000 0000 | 0000 0000 

  0x000001a10f70c4dc: ;   {runtime_call nmethod}
  0x000001a10f70c4dc: e9fb ffff 

  0x000001a10f70c4e0: ;   {runtime_call handle_exception_from_callee Runtime1 stub}
  0x000001a10f70c4e0: ffe8 fa2d 

  0x000001a10f70c4e4: ;   {external_word}
  0x000001a10f70c4e4: c6ff 48b9 | 40d5 96f2 | f97f 0000 | 4883 e4f0 

  0x000001a10f70c4f4: ;   {runtime_call}
  0x000001a10f70c4f4: 48b8 604a | 5df2 f97f | 0000 ffd0 

  0x000001a10f70c500: ;   {section_word}
  0x000001a10f70c500: f449 ba01 | c570 0fa1 | 0100 0041 

  0x000001a10f70c50c: ;   {runtime_call DeoptimizationBlob}
  0x000001a10f70c50c: 52e9 6e81 | bbff f4f4 | f4f4 f4f4 
[/MachCode]


Compiled method (c1) 24564 1547       1       jdk.internal.loader.BuiltinClassLoader::defineClass (121 bytes)
 total in heap  [0x000001a10f70a308,0x000001a10f70ae08] = 2816
 relocation     [0x000001a10f70a3e0,0x000001a10f70a528] = 328
 main code      [0x000001a10f70a540,0x000001a10f70ac90] = 1872
 stub code      [0x000001a10f70ac90,0x000001a10f70adb0] = 288
 metadata       [0x000001a10f70adb0,0x000001a10f70ae08] = 88
 immutable data [0x000001a15d8e1260,0x000001a15d8e16b0] = 1104
 dependencies   [0x000001a15d8e1260,0x000001a15d8e1280] = 32
 nul chk table  [0x000001a15d8e1280,0x000001a15d8e12a0] = 32
 handler table  [0x000001a15d8e12a0,0x000001a15d8e12b8] = 24
 scopes pcs     [0x000001a15d8e12b8,0x000001a15d8e1458] = 416
 scopes data    [0x000001a15d8e1458,0x000001a15d8e16b0] = 600

[Constant Pool (empty)]

[MachCode]
[Instructions begin]
  0x000001a10f70a540: 660f 1f84 | 0000 0000 | 0066 0f1f | 8400 0000 | 0000 448b | 5208 443b 

  0x000001a10f70a558: ;   {runtime_call ic_miss_stub}
  0x000001a10f70a558: 5008 0f85 | 803f bbff 
[Verified Entry Point]
  0x000001a10f70a560: 8984 2400 | 80ff ff55 | 4881 ec00 | 0100 0090 | 4181 7f20 | 0500 0000 

  0x000001a10f70a578: ;   {runtime_call StubRoutines (final stubs)}
  0x000001a10f70a578: 7405 e8c1 | d1b9 ff48 | 8994 24a0 | 0000 004c | 8984 2490 | 0000 004c | 898c 2498 | 0000 0049 
  0x000001a10f70a598: 8bd1 6666 | 9048 b800 | 5158 5da1 

  0x000001a10f70a5a4: ;   {virtual_call}
  0x000001a10f70a5a4: 0100 00e8 

  0x000001a10f70a5a8: ; ImmutableOopMap {[144]=Oop [152]=Oop [160]=Oop }
                      ;*invokevirtual getCodeSourceURL {reexecute=0 rethrow=0 return_oop=0}
                      ; - jdk.internal.loader.BuiltinClassLoader::defineClass@1 (line 842)
  0x000001a10f70a5a8: 8412 c7ff 

  0x000001a10f70a5ac: ;   {other}
  0x000001a10f70a5ac: 0f1f 8400 | a402 0000 | 4889 8424 | a800 0000 | 4c8b 8424 | 9000 0000 

  0x000001a10f70a5c4: ; implicit exception: dispatches to 0x000001a10f70ab92
  0x000001a10f70a5c4: 418b 7014 

  0x000001a10f70a5c8: ; implicit exception: dispatches to 0x000001a10f70ab97
  0x000001a10f70a5c8: 8b56 0c45 | 0fbe 4810 | 498b c9c1 | e118 c1f9 | 18d3 fa48 | 8bfa ffcf | 4585 c9ba | 0000 0000 
  0x000001a10f70a5e8: 7505 ba01 | 0000 0083 | e201 85d2 | 488b d641 | b82e 0000 | 004c 8bcf | 0f84 1300 

  0x000001a10f70a604: ;   {static_call}
  0x000001a10f70a604: 0000 90e8 

  0x000001a10f70a608: ; ImmutableOopMap {[144]=Oop [152]=Oop [160]=Oop [168]=Oop }
                      ;*invokestatic lastIndexOf {reexecute=0 rethrow=0 return_oop=0}
                      ; - java.lang.String::lastIndexOf@13 (line 2664)
                      ; - java.lang.String::lastIndexOf@8 (line 2626)
                      ; - jdk.internal.loader.BuiltinClassLoader::defineClass@8 (line 845)
  0x000001a10f70a608: 14e5 c7ff 

  0x000001a10f70a60c: ;   {other}
  0x000001a10f70a60c: 0f1f 8400 | 0403 0001 | e913 0000 | 0066 0f1f 

  0x000001a10f70a61c: ;   {static_call}
  0x000001a10f70a61c: 4400 00e8 

  0x000001a10f70a620: ; ImmutableOopMap {[144]=Oop [152]=Oop [160]=Oop [168]=Oop }
                      ;*invokestatic lastIndexOf {reexecute=0 rethrow=0 return_oop=0}
                      ; - java.lang.String::lastIndexOf@25 (line 2665)
                      ; - java.lang.String::lastIndexOf@8 (line 2626)
                      ; - jdk.internal.loader.BuiltinClassLoader::defineClass@8 (line 845)
  0x000001a10f70a620: bc47 bbff 

  0x000001a10f70a624: ;   {other}
  0x000001a10f70a624: 0f1f 8400 | 1c03 0002 | 83f8 ff0f | 847f 0000 | 0041 b800 | 0000 004c | 8bc8 488b | 9424 9000 
  0x000001a10f70a644: ;   {optimized virtual_call}
  0x000001a10f70a644: 0000 90e8 

  0x000001a10f70a648: ; ImmutableOopMap {[144]=Oop [152]=Oop [160]=Oop [168]=Oop }
                      ;*invokevirtual substring {reexecute=0 rethrow=0 return_oop=0}
                      ; - jdk.internal.loader.BuiltinClassLoader::defineClass@23 (line 847)
  0x000001a10f70a648: 34b7 d3ff 

  0x000001a10f70a64c: ;   {other}
  0x000001a10f70a64c: 0f1f 8400 | 4403 0003 | 488b 9424 | 9800 0000 | 4889 8424 | b000 0000 | 9048 b828 | 5158 5da1 
  0x000001a10f70a66c: ;   {virtual_call}
  0x000001a10f70a66c: 0100 00e8 

  0x000001a10f70a670: ; ImmutableOopMap {[144]=Oop [152]=Oop [160]=Oop [168]=Oop [176]=Oop }
                      ;*invokevirtual getManifest {reexecute=0 rethrow=0 return_oop=0}
                      ; - jdk.internal.loader.BuiltinClassLoader::defineClass@29 (line 848)
  0x000001a10f70a670: dc12 c7ff 

  0x000001a10f70a674: ;   {other}
  0x000001a10f70a674: 0f1f 8400 | 6c03 0004 | 4c8b 8424 | b000 0000 | 4c8b c848 | 8bbc 24a8 | 0000 0048 | 8b94 24a0 
  0x000001a10f70a694: 0000 0066 | 0f1f 4400 | 0048 b850 | 5158 5da1 

  0x000001a10f70a6a4: ;   {virtual_call}
  0x000001a10f70a6a4: 0100 00e8 

  0x000001a10f70a6a8: ; ImmutableOopMap {[144]=Oop [152]=Oop [160]=Oop [168]=Oop }
                      ;*invokevirtual defineOrCheckPackage {reexecute=0 rethrow=0 return_oop=0}
                      ; - jdk.internal.loader.BuiltinClassLoader::defineClass@40 (line 849)
  0x000001a10f70a6a8: 06e9 ffff 

  0x000001a10f70a6ac: ;   {other}
  0x000001a10f70a6ac: 0f1f 8400 | a403 0005 | 4c8b 8c24 | 9800 0000 | 488d 9424 | e000 0000 | 4c89 4a08 | 498b 0141 
  0x000001a10f70a6cc: 8bb7 1806 | 0000 81fe | 6806 0000 | 0f8d be04 | 0000 4d3b | 4c37 f80f | 8425 0000 | 00a8 020f 
  0x000001a10f70a6ec: 85ab 0400 | 0048 8bf0 | 4883 e6fe | 4883 c801 | f049 0fb1 | 310f 8595 | 0400 0041 | 8bb7 1806 
  0x000001a10f70a70c: 0000 4d89 | 0c37 83c6 | 0841 89b7 | 1806 0000 | 49ff 8750 | 0500 0041 | 8b51 0c48 | 85d2 0f85 
  0x000001a10f70a72c: 4c00 0000 | 498b d166 | 9048 b878 | 5158 5da1 

  0x000001a10f70a73c: ;   {virtual_call}
  0x000001a10f70a73c: 0100 00e8 

  0x000001a10f70a740: ; ImmutableOopMap {[144]=Oop [152]=Oop [160]=Oop [168]=Oop [232]=Oop }
                      ;*invokevirtual getInputStream {reexecute=0 rethrow=0 return_oop=0}
                      ; - jdk.internal.loader.Resource::cachedInputStream@9 (line 77)
                      ; - jdk.internal.loader.Resource::getByteBuffer@1 (line 163)
                      ; - jdk.internal.loader.BuiltinClassLoader::defineClass@45 (line 853)
  0x000001a10f70a740: fc0f c7ff 

  0x000001a10f70a744: ;   {other}
  0x000001a10f70a744: 0f1f 8400 | 3c04 0006 | 410f be57 | 3885 d24c | 8b8c 2498 | 0000 000f | 854e 0400 | 004c 8bd0 
  0x000001a10f70a764: 4589 510c | 498b d148 | 33d0 48c1 | ea14 4883 | fa00 0f85 | 4f04 0000 | 418b 510c | 488d 8424 
  0x000001a10f70a784: e000 0000 | 488b 7808 | 418b b718 | 0600 0049 | 3b7c 37f8 | 0f85 4504 | 0000 4183 | af18 0600 
  0x000001a10f70a7a4: 0008 493b | 7c37 f00f | 842a 0000 | 0048 8b07 | a802 0f85 | 1200 0000 | 488b f048 | 83ce 01f0 
  0x000001a10f70a7c4: 480f b137 | 0f84 0d00 | 0000 4183 | 8718 0600 | 0008 e908 | 0400 0049 | ff8f 5005 | 0000 4885 
  0x000001a10f70a7e4: d20f 8443 

  0x000001a10f70a7e8: ;   {metadata('sun/nio/ByteBuffered')}
  0x000001a10f70a7e8: 0000 0048 | b830 3a40 | 18a1 0100 | 008b 5a08 | 49ba 0000 | 0018 a101 | 0000 4903 | da48 3b43 
  0x000001a10f70a808: 200f 8424 | 0000 0048 | 3bd8 0f84 | 1b00 0000 

  0x000001a10f70a818: ;   {runtime_call slow_subtype_check Runtime1 stub}
  0x000001a10f70a818: 5350 e8a1 | 56c6 ff5b | 5b85 db0f | 8405 0000 | 00e9 0500 | 0000 4833 | f6eb 05be | 0100 0000 
  0x000001a10f70a838: 85f6 0f84 | 6900 0000 | 4885 d20f | 8443 0000 

  0x000001a10f70a848: ;   {metadata('sun/nio/ByteBuffered')}
  0x000001a10f70a848: 0048 bb30 | 3a40 18a1 | 0100 008b | 7a08 49ba | 0000 0018 | a101 0000 | 4903 fa48 | 3b5f 200f 
  0x000001a10f70a868: 841f 0000 | 0048 3bfb | 0f84 1600 | 0000 5753 

  0x000001a10f70a878: ;   {runtime_call slow_subtype_check Runtime1 stub}
  0x000001a10f70a878: e843 56c6 | ff5f 5f85 | ff0f 8472 | 0300 00e9 | 0000 0000 | 9048 b8a0 | 5158 5da1 

  0x000001a10f70a894: ;   {virtual_call}
  0x000001a10f70a894: 0100 00e8 

  0x000001a10f70a898: ; ImmutableOopMap {[144]=Oop [152]=Oop [160]=Oop [168]=Oop }
                      ;*invokeinterface getByteBuffer {reexecute=0 rethrow=0 return_oop=0}
                      ; - jdk.internal.loader.Resource::getByteBuffer@16 (line 165)
                      ; - jdk.internal.loader.BuiltinClassLoader::defineClass@45 (line 853)
  0x000001a10f70a898: 4442 bbff 

  0x000001a10f70a89c: ;   {other}
  0x000001a10f70a89c: 0f1f 8400 | 9405 0007 | e90a 0000 

  0x000001a10f70a8a8: ;   {oop(nullptr)}
  0x000001a10f70a8a8: 0048 b800 | 0000 0000 | 0000 0048 | 85c0 0f84 | 0601 0000 | 4889 8424 | b800 0000 | 488b 9424 
  0x000001a10f70a8c8: 9800 0000 | 9048 b8c8 | 5158 5da1 

  0x000001a10f70a8d4: ;   {virtual_call}
  0x000001a10f70a8d4: 0100 00e8 

  0x000001a10f70a8d8: ; ImmutableOopMap {[144]=Oop [160]=Oop [168]=Oop [184]=Oop }
                      ;*invokevirtual getCodeSigners {reexecute=0 rethrow=0 return_oop=0}
                      ; - jdk.internal.loader.BuiltinClassLoader::defineClass@56 (line 855)
  0x000001a10f70a8d8: 0442 bbff 

  0x000001a10f70a8dc: ;   {other}
  0x000001a10f70a8dc: 0f1f 8400 | d405 0008 

  0x000001a10f70a8e4: ;   {metadata('java/security/CodeSource')}
  0x000001a10f70a8e4: 4c8b c848 | ba28 8216 | 18a1 0100 | 0049 8b87 | b801 0000 | 488d 7828 | 493b bfc8 | 0100 000f 
  0x000001a10f70a904: 87f9 0200 | 0049 89bf | b801 0000 | 48c7 0001 | 0000 0048 | 8bca 49ba | 0000 0018 | a101 0000 
  0x000001a10f70a924: 492b ca89 | 4808 4833 | c989 480c | 4833 c948 | 8948 1048 | 8948 1848 | 8948 204c | 8b84 24a8 
  0x000001a10f70a944: 0000 0048 | 8bd0 4889 | 8424 c000 | 0000 0f1f 

  0x000001a10f70a954: ;   {optimized virtual_call}
  0x000001a10f70a954: 4400 00e8 

  0x000001a10f70a958: ; ImmutableOopMap {[144]=Oop [160]=Oop [184]=Oop [192]=Oop }
                      ;*invokespecial <init> {reexecute=0 rethrow=0 return_oop=0}
                      ; - jdk.internal.loader.BuiltinClassLoader::defineClass@68 (line 856)
  0x000001a10f70a958: 843e bbff 

  0x000001a10f70a95c: ;   {other}
  0x000001a10f70a95c: 0f1f 8400 | 5406 0009 | 4c8b 8424 | c000 0000 | 488b 9424 | a000 0000 

  0x000001a10f70a974: ;   {optimized virtual_call}
  0x000001a10f70a974: 6666 90e8 

  0x000001a10f70a978: ; ImmutableOopMap {[144]=Oop [160]=Oop [184]=Oop }
                      ;*invokevirtual getProtectionDomain {reexecute=0 rethrow=0 return_oop=0}
                      ; - java.security.SecureClassLoader::defineClass@5 (line 182)
                      ; - jdk.internal.loader.BuiltinClassLoader::defineClass@79 (line 857)
  0x000001a10f70a978: 643e bbff 

  0x000001a10f70a97c: ;   {other}
  0x000001a10f70a97c: 0f1f 8400 | 7406 000a | 4c8b 8424 | 9000 0000 | 4c8b 8c24 | b800 0000 | 488b f848 | 8b94 24a0 
  0x000001a10f70a99c: ;   {optimized virtual_call}
  0x000001a10f70a99c: 0000 00e8 

  0x000001a10f70a9a0: ; ImmutableOopMap {}
                      ;*invokevirtual defineClass {reexecute=0 rethrow=0 return_oop=0}
                      ; - java.security.SecureClassLoader::defineClass@8 (line 182)
                      ; - jdk.internal.loader.BuiltinClassLoader::defineClass@79 (line 857)
  0x000001a10f70a9a0: 3c3e bbff 

  0x000001a10f70a9a4: ;   {other}
  0x000001a10f70a9a4: 0f1f 8400 | 9c06 000b | 4881 c400 | 0100 005d 

  0x000001a10f70a9b4: ;   {poll_return}
  0x000001a10f70a9b4: 493b a748 | 0400 000f | 874e 0200 | 00c3 4c8b | 8c24 9800 | 0000 498b | d148 b8f0 | 5158 5da1 
  0x000001a10f70a9d4: ;   {virtual_call}
  0x000001a10f70a9d4: 0100 00e8 

  0x000001a10f70a9d8: ; ImmutableOopMap {[144]=Oop [152]=Oop [160]=Oop [168]=Oop }
                      ;*invokevirtual getBytes {reexecute=0 rethrow=0 return_oop=0}
                      ; - jdk.internal.loader.BuiltinClassLoader::defineClass@84 (line 859)
  0x000001a10f70a9d8: c40d c7ff 

  0x000001a10f70a9dc: ;   {other}
  0x000001a10f70a9dc: 0f1f 8400 | d406 000c | 4889 8424 | c800 0000 | 488b 9424 | 9800 0000 | 9048 b818 | 5258 5da1 
  0x000001a10f70a9fc: ;   {virtual_call}
  0x000001a10f70a9fc: 0100 00e8 

  0x000001a10f70aa00: ; ImmutableOopMap {[144]=Oop [160]=Oop [168]=Oop [200]=Oop }
                      ;*invokevirtual getCodeSigners {reexecute=0 rethrow=0 return_oop=0}
                      ; - jdk.internal.loader.BuiltinClassLoader::defineClass@90 (line 860)
  0x000001a10f70aa00: cc0d c7ff 

  0x000001a10f70aa04: ;   {other}
  0x000001a10f70aa04: 0f1f 8400 | fc06 000d 

  0x000001a10f70aa0c: ;   {metadata('java/security/CodeSource')}
  0x000001a10f70aa0c: 4c8b c848 | ba28 8216 | 18a1 0100 | 0049 8b87 | b801 0000 | 488d 7828 | 493b bfc8 | 0100 000f 
  0x000001a10f70aa2c: 87f4 0100 | 0049 89bf | b801 0000 | 48c7 0001 | 0000 0048 | 8bca 49ba | 0000 0018 | a101 0000 
  0x000001a10f70aa4c: 492b ca89 | 4808 4833 | c989 480c | 4833 c948 | 8948 1048 | 8948 1848 | 8948 204c | 8b84 24a8 
  0x000001a10f70aa6c: 0000 0048 | 8bd0 4889 | 8424 d000 | 0000 0f1f 

  0x000001a10f70aa7c: ;   {optimized virtual_call}
  0x000001a10f70aa7c: 4400 00e8 

  0x000001a10f70aa80: ; ImmutableOopMap {[144]=Oop [160]=Oop [200]=Oop [208]=Oop }
                      ;*invokespecial <init> {reexecute=0 rethrow=0 return_oop=0}
                      ; - jdk.internal.loader.BuiltinClassLoader::defineClass@102 (line 861)
  0x000001a10f70aa80: 5cb6 ffff 

  0x000001a10f70aa84: ;   {other}
  0x000001a10f70aa84: 0f1f 8400 | 7c07 000e | 488b 8424 | c800 0000 

  0x000001a10f70aa94: ; implicit exception: dispatches to 0x000001a10f70ac32
  0x000001a10f70aa94: 8b70 0c4c | 8b84 24d0 | 0000 0048 | 8b94 24a0 | 0000 0089 | b424 d800 

  0x000001a10f70aaac: ;   {optimized virtual_call}
  0x000001a10f70aaac: 0000 90e8 

  0x000001a10f70aab0: ; ImmutableOopMap {[144]=Oop [160]=Oop [200]=Oop }
                      ;*invokevirtual getProtectionDomain {reexecute=0 rethrow=0 return_oop=0}
                      ; - java.security.SecureClassLoader::defineClass@9 (line 150)
                      ; - jdk.internal.loader.BuiltinClassLoader::defineClass@117 (line 862)
  0x000001a10f70aab0: 2cbb ffff 

  0x000001a10f70aab4: ;   {other}
  0x000001a10f70aab4: 0f1f 8400 | ac07 000f | 4c8b 8424 | 9000 0000 | 4c8b 8c24 | c800 0000 | bf00 0000 | 008b b424 
  0x000001a10f70aad4: d800 0000 | 488b c848 | 8b94 24a0 | 0000 000f 

  0x000001a10f70aae4: ;   {optimized virtual_call}
  0x000001a10f70aae4: 1f40 00e8 

  0x000001a10f70aae8: ; ImmutableOopMap {}
                      ;*invokevirtual defineClass {reexecute=0 rethrow=0 return_oop=0}
                      ; - java.security.SecureClassLoader::defineClass@12 (line 150)
                      ; - jdk.internal.loader.BuiltinClassLoader::defineClass@117 (line 862)
  0x000001a10f70aae8: 1418 0000 

  0x000001a10f70aaec: ;   {other}
  0x000001a10f70aaec: 0f1f 8400 | e407 0010 | 4881 c400 | 0100 005d 

  0x000001a10f70aafc: ;   {poll_return}
  0x000001a10f70aafc: 493b a748 | 0400 000f | 872e 0100 | 00c3 498b | 8700 0500 | 004d 33d2 | 4d89 9700 | 0500 004d 
  0x000001a10f70ab1c: 33d2 4d89 | 9708 0500 | 0048 8bf0 | 488d 8424 | e000 0000 | 488b 5808 | 418b bf18 | 0600 0049 
  0x000001a10f70ab3c: 3b5c 3ff8 | 0f85 0701 | 0000 4183 | af18 0600 | 0008 493b | 5c3f f00f | 842a 0000 | 0048 8b03 
  0x000001a10f70ab5c: a802 0f85 | 1200 0000 | 488b f848 | 83cf 01f0 | 480f b13b | 0f84 0d00 | 0000 4183 | 8718 0600 
  0x000001a10f70ab7c: 0008 e9ca | 0000 0049 | ff8f 5005 | 0000 488b | c6e9 ee00 

  0x000001a10f70ab90: ;   {runtime_call throw_null_pointer_exception Runtime1 stub}
  0x000001a10f70ab90: 0000 e849 

  0x000001a10f70ab94: ; ImmutableOopMap {rax=Oop r8=Oop [144]=Oop [152]=Oop [160]=Oop [168]=Oop }
                      ;*invokevirtual lastIndexOf {reexecute=0 rethrow=0 return_oop=0}
                      ; - jdk.internal.loader.BuiltinClassLoader::defineClass@8 (line 845)
                      ;   {runtime_call throw_null_pointer_exception Runtime1 stub}
  0x000001a10f70ab94: 29c6 ffe8 

  0x000001a10f70ab98: ; ImmutableOopMap {rax=Oop r8=Oop rsi=Oop [144]=Oop [152]=Oop [160]=Oop [168]=Oop }
                      ;*arraylength {reexecute=0 rethrow=0 return_oop=0}
                      ; - java.lang.String::length@4 (line 1593)
                      ; - java.lang.String::lastIndexOf@3 (line 2626)
                      ; - jdk.internal.loader.BuiltinClassLoader::defineClass@8 (line 845)
  0x000001a10f70ab98: 4429 c6ff | 4c89 4c24 | 0848 8914 

  0x000001a10f70aba4: ;   {runtime_call monitorenter_nofpu Runtime1 stub}
  0x000001a10f70aba4: 24e8 3659 

  0x000001a10f70aba8: ; ImmutableOopMap {r9=Oop [144]=Oop [152]=Oop [160]=Oop [168]=Oop [232]=Oop }
                      ;*synchronization entry
                      ; - jdk.internal.loader.Resource::cachedInputStream@-1 (line 76)
                      ; - jdk.internal.loader.Resource::getByteBuffer@1 (line 163)
                      ; - jdk.internal.loader.BuiltinClassLoader::defineClass@45 (line 853)
  0x000001a10f70aba8: c6ff e974 | fbff ff41 | 8b51 0c48 | 83fa 000f | 84a4 fbff | ff48 8914 

  0x000001a10f70abc0: ;   {runtime_call g1_pre_barrier_slow}
  0x000001a10f70abc0: 24e8 1a80 | c6ff e996 | fbff ff48 | 83f8 000f | 84a7 fbff | ff4c 890c 

  0x000001a10f70abd8: ;   {runtime_call g1_post_barrier_slow}
  0x000001a10f70abd8: 24e8 0283 | c6ff e999 | fbff ff48 | 8d84 24e0 | 0000 0048 

  0x000001a10f70abec: ;   {runtime_call monitorexit_nofpu Runtime1 stub}
  0x000001a10f70abec: 8904 24e8 | ec5e c6ff | e9e9 fbff | ff48 8914 

  0x000001a10f70abfc: ;   {runtime_call throw_class_cast_exception Runtime1 stub}
  0x000001a10f70abfc: 24e8 de4c 

  0x000001a10f70ac00: ; ImmutableOopMap {[144]=Oop [152]=Oop [160]=Oop [168]=Oop }
                      ;*checkcast {reexecute=0 rethrow=0 return_oop=0}
                      ; - jdk.internal.loader.Resource::getByteBuffer@13 (line 165)
                      ; - jdk.internal.loader.BuiltinClassLoader::defineClass@45 (line 853)
  0x000001a10f70ac00: c6ff 488b 

  0x000001a10f70ac04: ;   {runtime_call fast_new_instance Runtime1 stub}
  0x000001a10f70ac04: d2e8 d631 

  0x000001a10f70ac08: ; ImmutableOopMap {r9=Oop [144]=Oop [160]=Oop [168]=Oop [184]=Oop }
                      ;*new {reexecute=0 rethrow=0 return_oop=0}
                      ; - jdk.internal.loader.BuiltinClassLoader::defineClass@61 (line 856)
  0x000001a10f70ac08: c6ff e930 

  0x000001a10f70ac0c: ;   {internal_word}
  0x000001a10f70ac0c: fdff ff49 | bab4 a970 | 0fa1 0100 | 004d 8997 | 6004 0000 

  0x000001a10f70ac20: ;   {runtime_call SafepointBlob}
  0x000001a10f70ac20: e9bb a7bb | ff48 8bd2 

  0x000001a10f70ac28: ;   {runtime_call fast_new_instance Runtime1 stub}
  0x000001a10f70ac28: e8b3 31c6 

  0x000001a10f70ac2c: ; ImmutableOopMap {r9=Oop [144]=Oop [160]=Oop [168]=Oop [200]=Oop }
                      ;*new {reexecute=0 rethrow=0 return_oop=0}
                      ; - jdk.internal.loader.BuiltinClassLoader::defineClass@95 (line 861)
  0x000001a10f70ac2c: ffe9 35fe 

  0x000001a10f70ac30: ;   {runtime_call throw_null_pointer_exception Runtime1 stub}
  0x000001a10f70ac30: ffff e8a9 

  0x000001a10f70ac34: ; ImmutableOopMap {rax=Oop [144]=Oop [160]=Oop [200]=Oop [208]=Oop }
                      ;*arraylength {reexecute=0 rethrow=0 return_oop=0}
                      ; - jdk.internal.loader.BuiltinClassLoader::defineClass@114 (line 862)
                      ;   {internal_word}
  0x000001a10f70ac34: 28c6 ff49 | bafc aa70 | 0fa1 0100 | 004d 8997 | 6004 0000 

  0x000001a10f70ac48: ;   {runtime_call SafepointBlob}
  0x000001a10f70ac48: e993 a7bb | ff48 8d84 | 24e0 0000 | 0048 8904 

  0x000001a10f70ac58: ;   {runtime_call monitorexit_nofpu Runtime1 stub}
  0x000001a10f70ac58: 24e8 825e | c6ff e927 | ffff ff49 | 8b87 0005 | 0000 49c7 | 8700 0500 | 0000 0000 | 0049 c787 
  0x000001a10f70ac78: 0805 0000 | 0000 0000 | 4881 c400 | 0100 005d 

  0x000001a10f70ac88: ;   {runtime_call unwind_exception Runtime1 stub}
  0x000001a10f70ac88: e953 19c6 | fff4 f4f4 
[Stub Code]
  0x000001a10f70ac90: ;   {no_reloc}
  0x000001a10f70ac90: 0f1f 4400 

  0x000001a10f70ac94: ;   {static_stub}
  0x000001a10f70ac94: 0048 bb00 | 0000 0000 

  0x000001a10f70ac9c: ;   {runtime_call nmethod}
  0x000001a10f70ac9c: 0000 00e9 | fbff ffff 

  0x000001a10f70aca4: ;   {static_stub}
  0x000001a10f70aca4: 9048 bb00 | 0000 0000 

  0x000001a10f70acac: ;   {runtime_call nmethod}
  0x000001a10f70acac: 0000 00e9 | fbff ffff 

  0x000001a10f70acb4: ;   {static_stub}
  0x000001a10f70acb4: 9048 bb00 | 0000 0000 

  0x000001a10f70acbc: ;   {runtime_call nmethod}
  0x000001a10f70acbc: 0000 00e9 | fbff ffff 

  0x000001a10f70acc4: ;   {static_stub}
  0x000001a10f70acc4: 9048 bb00 | 0000 0000 

  0x000001a10f70accc: ;   {runtime_call nmethod}
  0x000001a10f70accc: 0000 00e9 | fbff ffff 

  0x000001a10f70acd4: ;   {static_stub}
  0x000001a10f70acd4: 9048 bb00 | 0000 0000 

  0x000001a10f70acdc: ;   {runtime_call nmethod}
  0x000001a10f70acdc: 0000 00e9 | fbff ffff 

  0x000001a10f70ace4: ;   {static_stub}
  0x000001a10f70ace4: 9048 bb00 | 0000 0000 

  0x000001a10f70acec: ;   {runtime_call nmethod}
  0x000001a10f70acec: 0000 00e9 | fbff ffff 

  0x000001a10f70acf4: ;   {static_stub}
  0x000001a10f70acf4: 9048 bb00 | 0000 0000 

  0x000001a10f70acfc: ;   {runtime_call nmethod}
  0x000001a10f70acfc: 0000 00e9 | fbff ffff 

  0x000001a10f70ad04: ;   {static_stub}
  0x000001a10f70ad04: 9048 bb00 | 0000 0000 

  0x000001a10f70ad0c: ;   {runtime_call nmethod}
  0x000001a10f70ad0c: 0000 00e9 | fbff ffff 

  0x000001a10f70ad14: ;   {static_stub}
  0x000001a10f70ad14: 48bb 0000 | 0000 0000 

  0x000001a10f70ad1c: ;   {runtime_call nmethod}
  0x000001a10f70ad1c: 0000 e9fb 

  0x000001a10f70ad20: ;   {static_stub}
  0x000001a10f70ad20: ffff ff48 | bb00 0000 | 0000 0000 

  0x000001a10f70ad2c: ;   {runtime_call nmethod}
  0x000001a10f70ad2c: 00e9 fbff 

  0x000001a10f70ad30: ;   {static_stub}
  0x000001a10f70ad30: ffff 48bb | 0000 0000 | 0000 0000 

  0x000001a10f70ad3c: ;   {runtime_call nmethod}
  0x000001a10f70ad3c: e9fb ffff 

  0x000001a10f70ad40: ;   {static_stub}
  0x000001a10f70ad40: ff48 bb00 | 0000 0000 

  0x000001a10f70ad48: ;   {runtime_call nmethod}
  0x000001a10f70ad48: 0000 00e9 | fbff ffff 

  0x000001a10f70ad50: ;   {static_stub}
  0x000001a10f70ad50: 48bb 0000 | 0000 0000 

  0x000001a10f70ad58: ;   {runtime_call nmethod}
  0x000001a10f70ad58: 0000 e9fb 

  0x000001a10f70ad5c: ;   {static_stub}
  0x000001a10f70ad5c: ffff ff48 | bb00 0000 | 0000 0000 

  0x000001a10f70ad68: ;   {runtime_call nmethod}
  0x000001a10f70ad68: 00e9 fbff 

  0x000001a10f70ad6c: ;   {static_stub}
  0x000001a10f70ad6c: ffff 48bb | 0000 0000 | 0000 0000 

  0x000001a10f70ad78: ;   {runtime_call nmethod}
  0x000001a10f70ad78: e9fb ffff 

  0x000001a10f70ad7c: ;   {runtime_call handle_exception_from_callee Runtime1 stub}
  0x000001a10f70ad7c: ffe8 5e45 

  0x000001a10f70ad80: ;   {external_word}
  0x000001a10f70ad80: c6ff 48b9 | 40d5 96f2 | f97f 0000 | 4883 e4f0 

  0x000001a10f70ad90: ;   {runtime_call}
  0x000001a10f70ad90: 48b8 604a | 5df2 f97f | 0000 ffd0 

  0x000001a10f70ad9c: ;   {section_word}
  0x000001a10f70ad9c: f449 ba9d | ad70 0fa1 | 0100 0041 

  0x000001a10f70ada8: ;   {runtime_call DeoptimizationBlob}
  0x000001a10f70ada8: 52e9 d298 | bbff f4f4 
[/MachCode]


---------------  P R O C E S S  ---------------

Threads class SMR info:
_java_thread_list=0x000001a15dfe8aa0, length=17, elements={
0x000001a106b561a0, 0x000001a117401b20, 0x000001a1174072b0, 0x000001a1174098b0,
0x000001a11740c320, 0x000001a11740deb0, 0x000001a11740e910, 0x000001a117412b60,
0x000001a11750b760, 0x000001a117806fd0, 0x000001a117807850, 0x000001a15d479e30,
0x000001a15d4797a0, 0x000001a15d477d60, 0x000001a15d4776d0, 0x000001a15ebc5130,
0x000001a15ebc4aa0
}

Java Threads: ( => current thread )
=>0x000001a106b561a0 JavaThread "main"                              [_thread_in_vm, id=10884, stack(0x000000081a100000,0x000000081a200000) (1024K)]
  0x000001a117401b20 JavaThread "Reference Handler"          daemon [_thread_blocked, id=15876, stack(0x000000081a900000,0x000000081aa00000) (1024K)]
  0x000001a1174072b0 JavaThread "Finalizer"                  daemon [_thread_blocked, id=3952, stack(0x000000081aa00000,0x000000081ab00000) (1024K)]
  0x000001a1174098b0 JavaThread "Signal Dispatcher"          daemon [_thread_blocked, id=5084, stack(0x000000081ab00000,0x000000081ac00000) (1024K)]
  0x000001a11740c320 JavaThread "Attach Listener"            daemon [_thread_blocked, id=8364, stack(0x000000081ac00000,0x000000081ad00000) (1024K)]
  0x000001a11740deb0 JavaThread "Service Thread"             daemon [_thread_blocked, id=19108, stack(0x000000081ad00000,0x000000081ae00000) (1024K)]
  0x000001a11740e910 JavaThread "Monitor Deflation Thread"   daemon [_thread_blocked, id=25436, stack(0x000000081ae00000,0x000000081af00000) (1024K)]
  0x000001a117412b60 JavaThread "C1 CompilerThread0"         daemon [_thread_blocked, id=19172, stack(0x000000081af00000,0x000000081b000000) (1024K)]
  0x000001a11750b760 JavaThread "Common-Cleaner"             daemon [_thread_blocked, id=7976, stack(0x000000081b000000,0x000000081b100000) (1024K)]
  0x000001a117806fd0 JavaThread "Monitor Ctrl-Break"         daemon [_thread_in_native, id=19700, stack(0x000000081b200000,0x000000081b300000) (1024K)]
  0x000001a117807850 JavaThread "Notification Thread"        daemon [_thread_blocked, id=19116, stack(0x000000081b300000,0x000000081b400000) (1024K)]
  0x000001a15d479e30 JavaThread "RMI TCP Accept-0"           daemon [_thread_in_native, id=23788, stack(0x000000081b600000,0x000000081b700000) (1024K)]
  0x000001a15d4797a0 JavaThread "RMI TCP Connection(1)-192.168.1.18" daemon [_thread_in_native, id=2700, stack(0x000000081b700000,0x000000081b800000) (1024K)]
  0x000001a15d477d60 JavaThread "RMI Scheduler(0)"           daemon [_thread_blocked, id=16376, stack(0x000000081bf00000,0x000000081c000000) (1024K)]
  0x000001a15d4776d0 JavaThread "JMX server connection timeout 44" daemon [_thread_blocked, id=25356, stack(0x000000081c000000,0x000000081c100000) (1024K)]
  0x000001a15ebc5130 JavaThread "RMI TCP Connection(2)-192.168.1.18" daemon [_thread_in_native, id=21488, stack(0x000000081c200000,0x000000081c300000) (1024K)]
  0x000001a15ebc4aa0 JavaThread "mysql-cj-abandoned-connection-cleanup" daemon [_thread_blocked, id=3268, stack(0x000000081b500000,0x000000081b600000) (1024K)]
Total: 17

Other Threads:
  0x000001a1173eae80 VMThread "VM Thread"                           [id=2976, stack(0x000000081a800000,0x000000081a900000) (1024K)]
  0x000001a1173d8050 WatcherThread "VM Periodic Task Thread"        [id=13580, stack(0x000000081a700000,0x000000081a800000) (1024K)]
  0x000001a106ba7670 WorkerThread "GC Thread#0"                     [id=2588, stack(0x000000081a200000,0x000000081a300000) (1024K)]
  0x000001a15d5c11b0 WorkerThread "GC Thread#1"                     [id=4272, stack(0x000000081b800000,0x000000081b900000) (1024K)]
  0x000001a15d77eac0 WorkerThread "GC Thread#2"                     [id=14108, stack(0x000000081b900000,0x000000081ba00000) (1024K)]
  0x000001a15d885f40 WorkerThread "GC Thread#3"                     [id=25352, stack(0x000000081ba00000,0x000000081bb00000) (1024K)]
  0x000001a15d8862f0 WorkerThread "GC Thread#4"                     [id=15668, stack(0x000000081bb00000,0x000000081bc00000) (1024K)]
  0x000001a15d8866a0 WorkerThread "GC Thread#5"                     [id=8336, stack(0x000000081bc00000,0x000000081bd00000) (1024K)]
  0x000001a15d886a50 WorkerThread "GC Thread#6"                     [id=20612, stack(0x000000081bd00000,0x000000081be00000) (1024K)]
  0x000001a15d6c7b10 WorkerThread "GC Thread#7"                     [id=4576, stack(0x000000081be00000,0x000000081bf00000) (1024K)]
  0x000001a106bbb120 ConcurrentGCThread "G1 Main Marker"            [id=8660, stack(0x000000081a300000,0x000000081a400000) (1024K)]
  0x000001a106bbf8e0 WorkerThread "G1 Conc#0"                       [id=18764, stack(0x000000081a400000,0x000000081a500000) (1024K)]
  0x000001a15dbcee50 WorkerThread "G1 Conc#1"                       [id=352, stack(0x000000081c100000,0x000000081c200000) (1024K)]
  0x000001a106bfeae0 ConcurrentGCThread "G1 Refine#0"               [id=21516, stack(0x000000081a500000,0x000000081a600000) (1024K)]
  0x000001a1172a8630 ConcurrentGCThread "G1 Service"                [id=24984, stack(0x000000081a600000,0x000000081a700000) (1024K)]
Total: 15

Threads with active compile tasks:
Total: 0

VM state: not at safepoint (normal execution)

VM Mutex/Monitor currently owned by a thread:  ([mutex/lock_event])
[0x00007ff9f2c11890] Metaspace_lock - owner thread: 0x000001a106b561a0

Heap address: 0x000000008b800000, size: 1864 MB, Compressed Oops mode: 32-bit

CDS archive(s) mapped at: [0x000001a118000000-0x000001a118d70000-0x000001a118d70000), size 14090240, SharedBaseAddress: 0x000001a118000000, ArchiveRelocationMode: 1.
Compressed class space mapped at: 0x000001a119000000-0x000001a159000000, reserved size: 1073741824
Narrow klass base: 0x000001a118000000, Narrow klass shift: 0, Narrow klass range: 0x41000000

GC Precious Log:
 CardTable entry size: 512
 Card Set container configuration: InlinePtr #cards 5 size 8 Array Of Cards #cards 10 size 36 Howl #buckets 4 coarsen threshold 1843 Howl Bitmap #cards 512 size 80 coarsen threshold 460 Card regions per heap region 1 cards per card region 2048
 CPUs: 8 total, 8 available
 Memory: 7455M
 Large Page Support: Disabled
 NUMA Support: Disabled
 Compressed Oops: Enabled (32-bit)
 Heap Region Size: 1M
 Heap Min Capacity: 8M
 Heap Initial Capacity: 118M
 Heap Max Capacity: 1864M
 Pre-touch: Disabled
 Parallel Workers: 8
 Concurrent Workers: 2
 Concurrent Refinement Workers: 8
 Periodic GC: Disabled

Heap:
 garbage-first heap   total reserved 1908736K, committed 61440K, used 32202K [0x000000008b800000, 0x0000000100000000)
  region size 1024K, 8 young (8192K), 3 survivors (3072K)
 Metaspace       used 47183K, committed 47744K, reserved 1114112K
  class space    used 6908K, committed 7168K, reserved 1048576K

Heap Regions: E=young(eden), S=young(survivor), O=old, HS=humongous(starts), HC=humongous(continues), CS=collection set, F=free, TAMS=top-at-mark-start, PB=parsable bottom
|   0|0x000000008b800000, 0x000000008b900000, 0x000000008b900000|100%|HS|  |TAMS 0x000000008b800000| PB 0x000000008b800000| Complete |  0
|   1|0x000000008b900000, 0x000000008ba00000, 0x000000008ba00000|100%|HS|  |TAMS 0x000000008b900000| PB 0x000000008b900000| Complete |  0
|   2|0x000000008ba00000, 0x000000008bb00000, 0x000000008bb00000|100%| O|  |TAMS 0x000000008ba00000| PB 0x000000008ba00000| Untracked |  0
|   3|0x000000008bb00000, 0x000000008bc00000, 0x000000008bc00000|100%| O|  |TAMS 0x000000008bb00000| PB 0x000000008bb00000| Untracked |  0
|   4|0x000000008bc00000, 0x000000008bd00000, 0x000000008bd00000|100%| O|  |TAMS 0x000000008bc00000| PB 0x000000008bc00000| Untracked |  0
|   5|0x000000008bd00000, 0x000000008be00000, 0x000000008be00000|100%| O|  |TAMS 0x000000008bd00000| PB 0x000000008bd00000| Untracked |  0
|   6|0x000000008be00000, 0x000000008bf00000, 0x000000008bf00000|100%| O|  |TAMS 0x000000008be00000| PB 0x000000008be00000| Untracked |  0
|   7|0x000000008bf00000, 0x000000008c000000, 0x000000008c000000|100%| O|  |TAMS 0x000000008bf00000| PB 0x000000008bf00000| Untracked |  0
|   8|0x000000008c000000, 0x000000008c100000, 0x000000008c100000|100%| O|  |TAMS 0x000000008c000000| PB 0x000000008c000000| Untracked |  0
|   9|0x000000008c100000, 0x000000008c200000, 0x000000008c200000|100%| O|  |TAMS 0x000000008c100000| PB 0x000000008c100000| Untracked |  0
|  10|0x000000008c200000, 0x000000008c300000, 0x000000008c300000|100%| O|  |TAMS 0x000000008c200000| PB 0x000000008c200000| Untracked |  0
|  11|0x000000008c300000, 0x000000008c400000, 0x000000008c400000|100%| O|  |TAMS 0x000000008c300000| PB 0x000000008c300000| Untracked |  0
|  12|0x000000008c400000, 0x000000008c500000, 0x000000008c500000|100%| O|  |TAMS 0x000000008c400000| PB 0x000000008c400000| Untracked |  0
|  13|0x000000008c500000, 0x000000008c600000, 0x000000008c600000|100%| O|  |TAMS 0x000000008c500000| PB 0x000000008c500000| Untracked |  0
|  14|0x000000008c600000, 0x000000008c700000, 0x000000008c700000|100%| O|  |TAMS 0x000000008c600000| PB 0x000000008c600000| Untracked |  0
|  15|0x000000008c700000, 0x000000008c800000, 0x000000008c800000|100%| O|  |TAMS 0x000000008c700000| PB 0x000000008c700000| Untracked |  0
|  16|0x000000008c800000, 0x000000008c900000, 0x000000008c900000|100%| O|  |TAMS 0x000000008c800000| PB 0x000000008c800000| Untracked |  0
|  17|0x000000008c900000, 0x000000008ca00000, 0x000000008ca00000|100%| O|  |TAMS 0x000000008c900000| PB 0x000000008c900000| Untracked |  0
|  18|0x000000008ca00000, 0x000000008cb00000, 0x000000008cb00000|100%| O|  |TAMS 0x000000008ca00000| PB 0x000000008ca00000| Untracked |  0
|  19|0x000000008cb00000, 0x000000008cc00000, 0x000000008cc00000|100%| O|  |TAMS 0x000000008cb00000| PB 0x000000008cb00000| Untracked |  0
|  20|0x000000008cc00000, 0x000000008cd00000, 0x000000008cd00000|100%| O|  |TAMS 0x000000008cc00000| PB 0x000000008cc00000| Untracked |  0
|  21|0x000000008cd00000, 0x000000008ce00000, 0x000000008ce00000|100%| O|  |TAMS 0x000000008cd00000| PB 0x000000008cd00000| Untracked |  0
|  22|0x000000008ce00000, 0x000000008cf00000, 0x000000008cf00000|100%| O|  |TAMS 0x000000008ce00000| PB 0x000000008ce00000| Untracked |  0
|  23|0x000000008cf00000, 0x000000008d000000, 0x000000008d000000|100%| O|  |TAMS 0x000000008cf00000| PB 0x000000008cf00000| Untracked |  0
|  24|0x000000008d000000, 0x000000008d100000, 0x000000008d100000|100%| O|  |TAMS 0x000000008d000000| PB 0x000000008d000000| Untracked |  0
|  25|0x000000008d100000, 0x000000008d13dc00, 0x000000008d200000| 24%| O|  |TAMS 0x000000008d100000| PB 0x000000008d100000| Untracked |  0
|  26|0x000000008d200000, 0x000000008d200000, 0x000000008d300000|  0%| F|  |TAMS 0x000000008d200000| PB 0x000000008d200000| Untracked |  0
|  27|0x000000008d300000, 0x000000008d334f60, 0x000000008d400000| 20%| S|CS|TAMS 0x000000008d300000| PB 0x000000008d300000| Complete |  0
|  28|0x000000008d400000, 0x000000008d400000, 0x000000008d500000|  0%| F|  |TAMS 0x000000008d400000| PB 0x000000008d400000| Untracked |  0
|  29|0x000000008d500000, 0x000000008d500000, 0x000000008d600000|  0%| F|  |TAMS 0x000000008d500000| PB 0x000000008d500000| Untracked |  0
|  30|0x000000008d600000, 0x000000008d600000, 0x000000008d700000|  0%| F|  |TAMS 0x000000008d600000| PB 0x000000008d600000| Untracked |  0
|  31|0x000000008d700000, 0x000000008d800000, 0x000000008d800000|100%| S|CS|TAMS 0x000000008d700000| PB 0x000000008d700000| Complete |  0
|  32|0x000000008d800000, 0x000000008d900000, 0x000000008d900000|100%| S|CS|TAMS 0x000000008d800000| PB 0x000000008d800000| Complete |  0
|  33|0x000000008d900000, 0x000000008d900000, 0x000000008da00000|  0%| F|  |TAMS 0x000000008d900000| PB 0x000000008d900000| Untracked |  0
|  34|0x000000008da00000, 0x000000008da00000, 0x000000008db00000|  0%| F|  |TAMS 0x000000008da00000| PB 0x000000008da00000| Untracked |  0
|  35|0x000000008db00000, 0x000000008db00000, 0x000000008dc00000|  0%| F|  |TAMS 0x000000008db00000| PB 0x000000008db00000| Untracked |  0
|  36|0x000000008dc00000, 0x000000008dc00000, 0x000000008dd00000|  0%| F|  |TAMS 0x000000008dc00000| PB 0x000000008dc00000| Untracked |  0
|  37|0x000000008dd00000, 0x000000008dd00000, 0x000000008de00000|  0%| F|  |TAMS 0x000000008dd00000| PB 0x000000008dd00000| Untracked |  0
|  38|0x000000008de00000, 0x000000008de00000, 0x000000008df00000|  0%| F|  |TAMS 0x000000008de00000| PB 0x000000008de00000| Untracked |  0
|  39|0x000000008df00000, 0x000000008df00000, 0x000000008e000000|  0%| F|  |TAMS 0x000000008df00000| PB 0x000000008df00000| Untracked |  0
|  40|0x000000008e000000, 0x000000008e000000, 0x000000008e100000|  0%| F|  |TAMS 0x000000008e000000| PB 0x000000008e000000| Untracked |  0
|  41|0x000000008e100000, 0x000000008e100000, 0x000000008e200000|  0%| F|  |TAMS 0x000000008e100000| PB 0x000000008e100000| Untracked |  0
|  42|0x000000008e200000, 0x000000008e200000, 0x000000008e300000|  0%| F|  |TAMS 0x000000008e200000| PB 0x000000008e200000| Untracked |  0
|  43|0x000000008e300000, 0x000000008e300000, 0x000000008e400000|  0%| F|  |TAMS 0x000000008e300000| PB 0x000000008e300000| Untracked |  0
|  44|0x000000008e400000, 0x000000008e400000, 0x000000008e500000|  0%| F|  |TAMS 0x000000008e400000| PB 0x000000008e400000| Untracked |  0
|  45|0x000000008e500000, 0x000000008e500000, 0x000000008e600000|  0%| F|  |TAMS 0x000000008e500000| PB 0x000000008e500000| Untracked |  0
|  46|0x000000008e600000, 0x000000008e600000, 0x000000008e700000|  0%| F|  |TAMS 0x000000008e600000| PB 0x000000008e600000| Untracked |  0
|  47|0x000000008e700000, 0x000000008e700000, 0x000000008e800000|  0%| F|  |TAMS 0x000000008e700000| PB 0x000000008e700000| Untracked |  0
|  48|0x000000008e800000, 0x000000008e800000, 0x000000008e900000|  0%| F|  |TAMS 0x000000008e800000| PB 0x000000008e800000| Untracked |  0
|  49|0x000000008e900000, 0x000000008e900000, 0x000000008ea00000|  0%| F|  |TAMS 0x000000008e900000| PB 0x000000008e900000| Untracked |  0
|  50|0x000000008ea00000, 0x000000008ea00000, 0x000000008eb00000|  0%| F|  |TAMS 0x000000008ea00000| PB 0x000000008ea00000| Untracked |  0
|  51|0x000000008eb00000, 0x000000008eb00000, 0x000000008ec00000|  0%| F|  |TAMS 0x000000008eb00000| PB 0x000000008eb00000| Untracked |  0
|  52|0x000000008ec00000, 0x000000008ec00000, 0x000000008ed00000|  0%| F|  |TAMS 0x000000008ec00000| PB 0x000000008ec00000| Untracked |  0
|  53|0x000000008ed00000, 0x000000008ed00000, 0x000000008ee00000|  0%| F|  |TAMS 0x000000008ed00000| PB 0x000000008ed00000| Untracked |  0
|  75|0x0000000090300000, 0x0000000090300000, 0x0000000090400000|  0%| F|  |TAMS 0x0000000090300000| PB 0x0000000090300000| Untracked |  0
|  76|0x0000000090400000, 0x000000009040b3f8, 0x0000000090500000|  4%| E|  |TAMS 0x0000000090400000| PB 0x0000000090400000| Complete |  0
|  77|0x0000000090500000, 0x0000000090600000, 0x0000000090600000|100%| E|CS|TAMS 0x0000000090500000| PB 0x0000000090500000| Complete |  0
|  78|0x0000000090600000, 0x0000000090700000, 0x0000000090700000|100%| E|CS|TAMS 0x0000000090600000| PB 0x0000000090600000| Complete |  0
|  79|0x0000000090700000, 0x0000000090800000, 0x0000000090800000|100%| E|CS|TAMS 0x0000000090700000| PB 0x0000000090700000| Complete |  0
| 117|0x0000000092d00000, 0x0000000092e00000, 0x0000000092e00000|100%| E|CS|TAMS 0x0000000092d00000| PB 0x0000000092d00000| Complete |  0

Card table byte_map: [0x000001a112840000,0x000001a112bf0000] _byte_map_base: 0x000001a1123e4000

Marking Bits: (CMBitMap*) 0x000001a106ba7c90
 Bits: [0x000001a112bf0000, 0x000001a114910000)

Polling page: 0x000001a104990000

Metaspace:

Usage:
  Non-class:     39.33 MB used.
      Class:      6.75 MB used.
       Both:     46.08 MB used.

Virtual space:
  Non-class space:       64.00 MB reserved,      39.62 MB ( 62%) committed,  1 nodes.
      Class space:        1.00 GB reserved,       7.00 MB ( <1%) committed,  1 nodes.
             Both:        1.06 GB reserved,      46.62 MB (  4%) committed. 

Chunk freelists:
   Non-Class:  8.30 MB
       Class:  8.94 MB
        Both:  17.23 MB

MaxMetaspaceSize: unlimited
CompressedClassSpaceSize: 1.00 GB
Initial GC threshold: 21.00 MB
Current GC threshold: 58.69 MB
CDS: on
 - commit_granule_bytes: 65536.
 - commit_granule_words: 8192.
 - virtual_space_node_default_size: 8388608.
 - enlarge_chunks_in_place: 1.
 - use_allocation_guard: 0.


Internal statistics:

num_allocs_failed_limit: 6.
num_arena_births: 806.
num_arena_deaths: 0.
num_vsnodes_births: 2.
num_vsnodes_deaths: 0.
num_space_committed: 746.
num_space_uncommitted: 0.
num_chunks_returned_to_freelist: 6.
num_chunks_taken_from_freelist: 2372.
num_chunk_merges: 6.
num_chunk_splits: 1745.
num_chunks_enlarged: 1376.
num_inconsistent_stats: 0.

CodeCache: size=49152Kb used=7851Kb max_used=8819Kb free=41300Kb
 bounds [0x000001a10f270000, 0x000001a10fb10000, 0x000001a112270000]
 total_blobs=5990, nmethods=5395, adapters=519, full_count=0
Compilation: enabled, stopped_count=0, restarted_count=0

Compilation events (20 events):
Event: 22.443 Thread 0x000001a117412b60 5426       1       net.bytebuddy.description.method.MethodList$ForLoadedMethods::get (6 bytes)
Event: 22.443 Thread 0x000001a117412b60 nmethod 5426 0x000001a10f58ee88 code [0x000001a10f58efa0, 0x000001a10f58f088]
Event: 22.443 Thread 0x000001a117412b60 5427       1       net.bytebuddy.description.method.MethodList$ForLoadedMethods::get (67 bytes)
Event: 22.443 Thread 0x000001a117412b60 nmethod 5427 0x000001a10f58e888 code [0x000001a10f58ea00, 0x000001a10f58ee08]
Event: 22.443 Thread 0x000001a117412b60 5428       1       net.bytebuddy.description.method.MethodDescription$InDefinedShape$AbstractBase$ForLoadedExecutable::<init> (10 bytes)
Event: 22.443 Thread 0x000001a117412b60 nmethod 5428 0x000001a10f58e588 code [0x000001a10f58e6a0, 0x000001a10f58e7b0]
Event: 22.443 Thread 0x000001a117412b60 5429       1       net.bytebuddy.description.method.MethodDescription$InDefinedShape$AbstractBase::<init> (5 bytes)
Event: 22.443 Thread 0x000001a117412b60 nmethod 5429 0x000001a10f58e288 code [0x000001a10f58e3a0, 0x000001a10f58e468]
Event: 22.443 Thread 0x000001a117412b60 5430       1       net.bytebuddy.description.method.MethodDescription$AbstractBase::<init> (5 bytes)
Event: 22.443 Thread 0x000001a117412b60 nmethod 5430 0x000001a10f58df88 code [0x000001a10f58e0a0, 0x000001a10f58e168]
Event: 22.450 Thread 0x000001a117412b60 5431       1       java.lang.Class::getDeclaredConstructors (27 bytes)
Event: 22.450 Thread 0x000001a117412b60 nmethod 5431 0x000001a10f58dc88 code [0x000001a10f58ddc0, 0x000001a10f58dec8]
Event: 22.451 Thread 0x000001a117412b60 5432       1       java.lang.classfile.CodeBuilder::dup (16 bytes)
Event: 22.452 Thread 0x000001a117412b60 nmethod 5432 0x000001a10f58d808 code [0x000001a10f58d940, 0x000001a10f58dbf0]
Event: 22.466 Thread 0x000001a117412b60 5433       1       java.lang.invoke.BoundMethodHandle$Species_L::copyWith (14 bytes)
Event: 22.466 Thread 0x000001a117412b60 nmethod 5433 0x000001a10f58d508 code [0x000001a10f58d620, 0x000001a10f58d7c8]
Event: 22.468 Thread 0x000001a117412b60 5434       1       jdk.internal.classfile.impl.DirectCodeBuilder::writeLabelOffset (114 bytes)
Event: 22.469 Thread 0x000001a117412b60 nmethod 5434 0x000001a10f58cd08 code [0x000001a10f58cea0, 0x000001a10f58d420]
Event: 22.469 Thread 0x000001a117412b60 5435       1       jdk.internal.classfile.impl.DirectCodeBuilder$DeferredLabel::<init> (26 bytes)
Event: 22.469 Thread 0x000001a117412b60 nmethod 5435 0x000001a10f58ca08 code [0x000001a10f58cb20, 0x000001a10f58cc40]

GC Heap History (20 events):
Event: 4.878 GC heap before
{Heap before GC invocations=7 (full 0):
 garbage-first heap   total reserved 1908736K, committed 51200K, used 41159K [0x000000008b800000, 0x0000000100000000)
  region size 1024K, 23 young (23552K), 2 survivors (2048K)
 Metaspace       used 32454K, committed 32960K, reserved 1114112K
  class space    used 4442K, committed 4672K, reserved 1048576K
}
Event: 4.883 GC heap after
{Heap after GC invocations=8 (full 0):
 garbage-first heap   total reserved 1908736K, committed 51200K, used 21149K [0x000000008b800000, 0x0000000100000000)
  region size 1024K, 2 young (2048K), 2 survivors (2048K)
 Metaspace       used 32454K, committed 32960K, reserved 1114112K
  class space    used 4442K, committed 4672K, reserved 1048576K
}
Event: 5.590 GC heap before
{Heap before GC invocations=8 (full 0):
 garbage-first heap   total reserved 1908736K, committed 51200K, used 40605K [0x000000008b800000, 0x0000000100000000)
  region size 1024K, 22 young (22528K), 2 survivors (2048K)
 Metaspace       used 34570K, committed 35072K, reserved 1114112K
  class space    used 4748K, committed 4992K, reserved 1048576K
}
Event: 5.597 GC heap after
{Heap after GC invocations=9 (full 0):
 garbage-first heap   total reserved 1908736K, committed 51200K, used 22717K [0x000000008b800000, 0x0000000100000000)
  region size 1024K, 3 young (3072K), 3 survivors (3072K)
 Metaspace       used 34570K, committed 35072K, reserved 1114112K
  class space    used 4748K, committed 4992K, reserved 1048576K
}
Event: 5.838 GC heap before
{Heap before GC invocations=9 (full 0):
 garbage-first heap   total reserved 1908736K, committed 51200K, used 31933K [0x000000008b800000, 0x0000000100000000)
  region size 1024K, 13 young (13312K), 3 survivors (3072K)
 Metaspace       used 35478K, committed 35968K, reserved 1114112K
  class space    used 4899K, committed 5120K, reserved 1048576K
}
Event: 6.852 GC heap after
{Heap after GC invocations=10 (full 0):
 garbage-first heap   total reserved 1908736K, committed 61440K, used 23423K [0x000000008b800000, 0x0000000100000000)
  region size 1024K, 3 young (3072K), 3 survivors (3072K)
 Metaspace       used 35478K, committed 35968K, reserved 1114112K
  class space    used 4899K, committed 5120K, reserved 1048576K
}
Event: 8.483 GC heap before
{Heap before GC invocations=11 (full 0):
 garbage-first heap   total reserved 1908736K, committed 61440K, used 24447K [0x000000008b800000, 0x0000000100000000)
  region size 1024K, 4 young (4096K), 3 survivors (3072K)
 Metaspace       used 35601K, committed 36096K, reserved 1114112K
  class space    used 4931K, committed 5120K, reserved 1048576K
}
Event: 8.488 GC heap after
{Heap after GC invocations=12 (full 0):
 garbage-first heap   total reserved 1908736K, committed 61440K, used 23803K [0x000000008b800000, 0x0000000100000000)
  region size 1024K, 1 young (1024K), 1 survivors (1024K)
 Metaspace       used 35601K, committed 36096K, reserved 1114112K
  class space    used 4931K, committed 5120K, reserved 1048576K
}
Event: 9.538 GC heap before
{Heap before GC invocations=12 (full 0):
 garbage-first heap   total reserved 1908736K, committed 61440K, used 25851K [0x000000008b800000, 0x0000000100000000)
  region size 1024K, 3 young (3072K), 1 survivors (1024K)
 Metaspace       used 35790K, committed 36288K, reserved 1114112K
  class space    used 4971K, committed 5184K, reserved 1048576K
}
Event: 9.539 GC heap after
{Heap after GC invocations=13 (full 0):
 garbage-first heap   total reserved 1908736K, committed 61440K, used 23302K [0x000000008b800000, 0x0000000100000000)
  region size 1024K, 1 young (1024K), 1 survivors (1024K)
 Metaspace       used 35790K, committed 36288K, reserved 1114112K
  class space    used 4971K, committed 5184K, reserved 1048576K
}
Event: 9.588 GC heap before
{Heap before GC invocations=13 (full 0):
 garbage-first heap   total reserved 1908736K, committed 61440K, used 25350K [0x000000008b800000, 0x0000000100000000)
  region size 1024K, 3 young (3072K), 1 survivors (1024K)
 Metaspace       used 36148K, committed 36672K, reserved 1114112K
  class space    used 5042K, committed 5248K, reserved 1048576K
}
Event: 9.590 GC heap after
{Heap after GC invocations=14 (full 0):
 garbage-first heap   total reserved 1908736K, committed 61440K, used 23389K [0x000000008b800000, 0x0000000100000000)
  region size 1024K, 1 young (1024K), 1 survivors (1024K)
 Metaspace       used 36148K, committed 36672K, reserved 1114112K
  class space    used 5042K, committed 5248K, reserved 1048576K
}
Event: 10.632 GC heap before
{Heap before GC invocations=14 (full 0):
 garbage-first heap   total reserved 1908736K, committed 61440K, used 25437K [0x000000008b800000, 0x0000000100000000)
  region size 1024K, 3 young (3072K), 1 survivors (1024K)
 Metaspace       used 36445K, committed 36992K, reserved 1114112K
  class space    used 5075K, committed 5312K, reserved 1048576K
}
Event: 10.634 GC heap after
{Heap after GC invocations=15 (full 0):
 garbage-first heap   total reserved 1908736K, committed 61440K, used 23662K [0x000000008b800000, 0x0000000100000000)
  region size 1024K, 1 young (1024K), 1 survivors (1024K)
 Metaspace       used 36445K, committed 36992K, reserved 1114112K
  class space    used 5075K, committed 5312K, reserved 1048576K
}
Event: 10.671 GC heap before
{Heap before GC invocations=15 (full 0):
 garbage-first heap   total reserved 1908736K, committed 61440K, used 25710K [0x000000008b800000, 0x0000000100000000)
  region size 1024K, 3 young (3072K), 1 survivors (1024K)
 Metaspace       used 36802K, committed 37312K, reserved 1114112K
  class space    used 5119K, committed 5312K, reserved 1048576K
}
Event: 10.673 GC heap after
{Heap after GC invocations=16 (full 0):
 garbage-first heap   total reserved 1908736K, committed 61440K, used 23824K [0x000000008b800000, 0x0000000100000000)
  region size 1024K, 1 young (1024K), 1 survivors (1024K)
 Metaspace       used 36802K, committed 37312K, reserved 1114112K
  class space    used 5119K, committed 5312K, reserved 1048576K
}
Event: 13.271 GC heap before
{Heap before GC invocations=16 (full 0):
 garbage-first heap   total reserved 1908736K, committed 61440K, used 51472K [0x000000008b800000, 0x0000000100000000)
  region size 1024K, 29 young (29696K), 1 survivors (1024K)
 Metaspace       used 40517K, committed 41152K, reserved 1114112K
  class space    used 5666K, committed 5952K, reserved 1048576K
}
Event: 13.277 GC heap after
{Heap after GC invocations=17 (full 0):
 garbage-first heap   total reserved 1908736K, committed 61440K, used 26154K [0x000000008b800000, 0x0000000100000000)
  region size 1024K, 3 young (3072K), 3 survivors (3072K)
 Metaspace       used 40517K, committed 41152K, reserved 1114112K
  class space    used 5666K, committed 5952K, reserved 1048576K
}
Event: 21.344 GC heap before
{Heap before GC invocations=17 (full 0):
 garbage-first heap   total reserved 1908736K, committed 61440K, used 53802K [0x000000008b800000, 0x0000000100000000)
  region size 1024K, 30 young (30720K), 3 survivors (3072K)
 Metaspace       used 46486K, committed 47104K, reserved 1114112K
  class space    used 6772K, committed 7040K, reserved 1048576K
}
Event: 21.355 GC heap after
{Heap after GC invocations=18 (full 0):
 garbage-first heap   total reserved 1908736K, committed 61440K, used 28106K [0x000000008b800000, 0x0000000100000000)
  region size 1024K, 3 young (3072K), 3 survivors (3072K)
 Metaspace       used 46486K, committed 47104K, reserved 1114112K
  class space    used 6772K, committed 7040K, reserved 1048576K
}

Dll operation events (11 events):
Event: 0.027 Loaded shared library C:\Program Files\Java\jdk-23\bin\java.dll
Event: 0.368 Loaded shared library C:\Program Files\Java\jdk-23\bin\zip.dll
Event: 0.375 Loaded shared library C:\Program Files\Java\jdk-23\bin\instrument.dll
Event: 0.386 Loaded shared library C:\Program Files\Java\jdk-23\bin\net.dll
Event: 0.390 Loaded shared library C:\Program Files\Java\jdk-23\bin\nio.dll
Event: 0.400 Loaded shared library C:\Program Files\Java\jdk-23\bin\zip.dll
Event: 0.747 Loaded shared library C:\Program Files\Java\jdk-23\bin\jimage.dll
Event: 0.757 Loaded shared library C:\Program Files\Java\jdk-23\bin\extnet.dll
Event: 0.804 Loaded shared library C:\Program Files\Java\jdk-23\bin\management.dll
Event: 0.825 Loaded shared library C:\Program Files\Java\jdk-23\bin\management_ext.dll
Event: 3.711 Loaded shared library C:\Program Files\Java\jdk-23\bin\sunmscapi.dll

Deoptimization events (0 events):
No events

Classes loaded (20 events):
Event: 13.406 Loading class java/util/UUID$Holder
Event: 13.406 Loading class java/util/UUID$Holder done
Event: 13.406 Loading class jdk/internal/util/HexDigits
Event: 13.407 Loading class jdk/internal/util/HexDigits done
Event: 13.407 Loading class jdk/internal/util/ByteArrayLittleEndian
Event: 13.407 Loading class jdk/internal/util/ByteArrayLittleEndian done
Event: 20.108 Loading class javax/xml/stream/XMLEventReader
Event: 20.108 Loading class javax/xml/stream/XMLEventReader done
Event: 20.116 Loading class javax/xml/stream/XMLEventFactory
Event: 20.117 Loading class javax/xml/stream/XMLEventFactory done
Event: 20.117 Loading class javax/xml/stream/FactoryFinder
Event: 20.117 Loading class javax/xml/stream/FactoryFinder done
Event: 20.118 Loading class javax/xml/stream/FactoryFinder$1
Event: 20.118 Loading class javax/xml/stream/FactoryFinder$1 done
Event: 20.119 Loading class com/sun/xml/internal/stream/events/XMLEventFactoryImpl
Event: 20.119 Loading class com/sun/xml/internal/stream/events/XMLEventFactoryImpl done
Event: 20.148 Loading class java/lang/Process
Event: 20.148 Loading class java/lang/Process done
Event: 20.181 Loading class java/lang/reflect/GenericSignatureFormatError
Event: 20.181 Loading class java/lang/reflect/GenericSignatureFormatError done

Classes unloaded (0 events):
No events

Classes redefined (0 events):
No events

Internal exceptions (20 events):
Event: 10.702 Thread 0x000001a106b561a0 Exception <a 'java/lang/IncompatibleClassChangeError'{0x00000000907a9a40}: Found class java.lang.Object, but interface was expected> (0x00000000907a9a40) 
thrown [s\open\src\hotspot\share\interpreter\linkResolver.cpp, line 863]
Event: 10.703 Thread 0x000001a106b561a0 Exception <a 'java/lang/IncompatibleClassChangeError'{0x00000000907c02e8}: Found class java.lang.Object, but interface was expected> (0x00000000907c02e8) 
thrown [s\open\src\hotspot\share\interpreter\linkResolver.cpp, line 863]
Event: 10.703 Thread 0x000001a106b561a0 Exception <a 'java/lang/IncompatibleClassChangeError'{0x00000000907c5448}: Found class java.lang.Object, but interface was expected> (0x00000000907c5448) 
thrown [s\open\src\hotspot\share\interpreter\linkResolver.cpp, line 863]
Event: 10.703 Thread 0x000001a106b561a0 Exception <a 'java/lang/IncompatibleClassChangeError'{0x00000000907d37c8}: Found class java.lang.Object, but interface was expected> (0x00000000907d37c8) 
thrown [s\open\src\hotspot\share\interpreter\linkResolver.cpp, line 863]
Event: 10.704 Thread 0x000001a106b561a0 Exception <a 'java/lang/IncompatibleClassChangeError'{0x00000000907d9738}: Found class java.lang.Object, but interface was expected> (0x00000000907d9738) 
thrown [s\open\src\hotspot\share\interpreter\linkResolver.cpp, line 863]
Event: 10.704 Thread 0x000001a106b561a0 Exception <a 'java/lang/IncompatibleClassChangeError'{0x00000000907e2f78}: Found class java.lang.Object, but interface was expected> (0x00000000907e2f78) 
thrown [s\open\src\hotspot\share\interpreter\linkResolver.cpp, line 863]
Event: 10.709 Thread 0x000001a106b561a0 Exception <a 'java/lang/NoSuchMethodError'{0x000000009051acc8}: 'void java.lang.invoke.DirectMethodHandle$Holder.invokeStatic(java.lang.Object, java.lang.Object, java.lang.Object, int, java.lang.Object)'> (0x000000009051acc8) 
thrown [s\open\src\hotspot\share\interpreter\linkResolver.cpp, line 796]
Event: 10.709 Thread 0x000001a106b561a0 Exception <a 'java/lang/NoSuchMethodError'{0x0000000090521660}: 'java.lang.Object java.lang.invoke.DirectMethodHandle$Holder.newInvokeSpecial(java.lang.Object, java.lang.Object, java.lang.Object, int)'> (0x0000000090521660) 
thrown [s\open\src\hotspot\share\interpreter\linkResolver.cpp, line 796]
Event: 10.709 Thread 0x000001a106b561a0 Exception <a 'java/lang/NoSuchMethodError'{0x00000000905255b8}: 'java.lang.Object java.lang.invoke.DirectMethodHandle$Holder.invokeSpecial(java.lang.Object, java.lang.Object, java.lang.Object, java.lang.Object, int)'> (0x00000000905255b8) 
thrown [s\open\src\hotspot\share\interpreter\linkResolver.cpp, line 796]
Event: 10.709 Thread 0x000001a106b561a0 Exception <a 'java/lang/NoSuchMethodError'{0x0000000090528c20}: 'java.lang.Object java.lang.invoke.Invokers$Holder.linkToTargetMethod(java.lang.Object, java.lang.Object, int, java.lang.Object)'> (0x0000000090528c20) 
thrown [s\open\src\hotspot\share\interpreter\linkResolver.cpp, line 796]
Event: 12.767 Thread 0x000001a106b561a0 Exception <a 'java/lang/NoSuchMethodError'{0x000000008ed86db0}: 'java.lang.Object java.lang.invoke.DirectMethodHandle$Holder.invokeVirtual(java.lang.Object, java.lang.Object, java.lang.Object, java.lang.Object, java.lang.Object)'> (0x000000008ed86db0) 
thrown [s\open\src\hotspot\share\interpreter\linkResolver.cpp, line 796]
Event: 12.926 Thread 0x000001a106b561a0 Exception <a 'java/lang/NoSuchMethodError'{0x000000008e63b0a8}: 'int java.lang.invoke.DirectMethodHandle$Holder.invokeVirtual(java.lang.Object, java.lang.Object, java.lang.Object, java.lang.Object)'> (0x000000008e63b0a8) 
thrown [s\open\src\hotspot\share\interpreter\linkResolver.cpp, line 796]
Event: 12.926 Thread 0x000001a106b561a0 Exception <a 'java/lang/NoSuchMethodError'{0x000000008e63e980}: 'int java.lang.invoke.DelegatingMethodHandle$Holder.reinvoke_L(java.lang.Object, java.lang.Object, java.lang.Object, java.lang.Object)'> (0x000000008e63e980) 
thrown [s\open\src\hotspot\share\interpreter\linkResolver.cpp, line 796]
Event: 12.959 Thread 0x000001a106b561a0 Exception <a 'java/io/FileNotFoundException'{0x000000008e54f7c0}> (0x000000008e54f7c0) 
thrown [s\open\src\hotspot\share\prims\jni.cpp, line 520]
Event: 13.030 Thread 0x000001a106b561a0 Exception <a 'java/lang/NoSuchMethodError'{0x000000008e211440}: 'int java.lang.invoke.DirectMethodHandle$Holder.invokeInterface(java.lang.Object, java.lang.Object, java.lang.Object, java.lang.Object)'> (0x000000008e211440) 
thrown [s\open\src\hotspot\share\interpreter\linkResolver.cpp, line 796]
Event: 13.057 Thread 0x000001a106b561a0 Exception <a 'java/lang/NoSuchMethodError'{0x000000008e182a50}: 'void java.lang.invoke.Invokers$Holder.invokeExact_MT(java.lang.Object, java.lang.Object, java.lang.Object, java.lang.Object)'> (0x000000008e182a50) 
thrown [s\open\src\hotspot\share\interpreter\linkResolver.cpp, line 796]
Event: 13.058 Thread 0x000001a106b561a0 Exception <a 'java/lang/NoSuchMethodError'{0x000000008e1889f8}: 'long java.lang.invoke.DelegatingMethodHandle$Holder.reinvoke_L(java.lang.Object, java.lang.Object)'> (0x000000008e1889f8) 
thrown [s\open\src\hotspot\share\interpreter\linkResolver.cpp, line 796]
Event: 13.059 Thread 0x000001a106b561a0 Exception <a 'java/lang/NoSuchMethodError'{0x000000008e192b20}: 'void java.lang.invoke.DelegatingMethodHandle$Holder.reinvoke_L(java.lang.Object, java.lang.Object, long)'> (0x000000008e192b20) 
thrown [s\open\src\hotspot\share\interpreter\linkResolver.cpp, line 796]
Event: 13.138 Thread 0x000001a106b561a0 Exception <a 'java/lang/NoSuchMethodError'{0x000000008dddd0e0}: 'java.lang.Object java.lang.invoke.DirectMethodHandle$Holder.newInvokeSpecial(java.lang.Object, java.lang.Object, java.lang.Object, java.lang.Object, java.lang.Object, java.lang.Object, java.lang.Object, java.lang.Object, java.lang.Object, java.lang.Object, java.lang.Object, java.lang.Object)'> (0x000000008dddd0e0) 
thrown [s\open\src\hotspot\share\interpreter\linkResolver.cpp, line 796]
Event: 13.235 Thread 0x000001a106b561a0 Exception <a 'java/lang/NoSuchMethodError'{0x000000008d892d08}: 'void java.lang.invoke.DelegatingMethodHandle$Holder.reinvoke_L(java.lang.Object, java.lang.Object, java.lang.Object, java.lang.Object, int, java.lang.Object, java.lang.Object, java.lang.Object)'> (0x000000008d892d08) 
thrown [s\open\src\hotspot\share\interpreter\linkResolver.cpp, line 796]

VM Operations (20 events):
Event: 9.538 Executing VM operation: G1CollectForAllocation (G1 Evacuation Pause)
Event: 9.539 Executing VM operation: G1CollectForAllocation (G1 Evacuation Pause) done
Event: 9.588 Executing VM operation: G1CollectForAllocation (G1 Evacuation Pause)
Event: 9.590 Executing VM operation: G1CollectForAllocation (G1 Evacuation Pause) done
Event: 10.632 Executing VM operation: G1CollectForAllocation (G1 Evacuation Pause)
Event: 10.634 Executing VM operation: G1CollectForAllocation (G1 Evacuation Pause) done
Event: 10.671 Executing VM operation: G1CollectForAllocation (G1 Evacuation Pause)
Event: 10.673 Executing VM operation: G1CollectForAllocation (G1 Evacuation Pause) done
Event: 12.911 Executing VM operation: HandshakeAllThreads (Deoptimize)
Event: 12.911 Executing VM operation: HandshakeAllThreads (Deoptimize) done
Event: 12.913 Executing VM operation: HandshakeAllThreads (Deoptimize)
Event: 12.913 Executing VM operation: HandshakeAllThreads (Deoptimize) done
Event: 12.951 Executing VM operation: HandshakeAllThreads (Deoptimize)
Event: 12.951 Executing VM operation: HandshakeAllThreads (Deoptimize) done
Event: 13.000 Executing VM operation: HandshakeAllThreads (Deoptimize)
Event: 13.000 Executing VM operation: HandshakeAllThreads (Deoptimize) done
Event: 13.271 Executing VM operation: G1CollectForAllocation (G1 Evacuation Pause)
Event: 13.277 Executing VM operation: G1CollectForAllocation (G1 Evacuation Pause) done
Event: 21.344 Executing VM operation: G1CollectForAllocation (G1 Evacuation Pause)
Event: 21.355 Executing VM operation: G1CollectForAllocation (G1 Evacuation Pause) done

Memory protections (0 events):
No events

Nmethod flushes (20 events):
Event: 8.448 Thread 0x000001a1173eae80 flushing  nmethod 0x000001a10f6a5a88
Event: 8.448 Thread 0x000001a1173eae80 flushing  nmethod 0x000001a10f784c88
Event: 8.448 Thread 0x000001a1173eae80 flushing  nmethod 0x000001a10f7c9c08
Event: 8.448 Thread 0x000001a1173eae80 flushing  nmethod 0x000001a10f3acb08
Event: 8.448 Thread 0x000001a1173eae80 flushing  nmethod 0x000001a10f46dd08
Event: 8.448 Thread 0x000001a1173eae80 flushing  nmethod 0x000001a10f46e008
Event: 8.448 Thread 0x000001a1173eae80 flushing  nmethod 0x000001a10f470808
Event: 8.448 Thread 0x000001a1173eae80 flushing  nmethod 0x000001a10f471408
Event: 8.448 Thread 0x000001a1173eae80 flushing  nmethod 0x000001a10f4a5388
Event: 8.448 Thread 0x000001a1173eae80 flushing  nmethod 0x000001a10f4c5c08
Event: 8.449 Thread 0x000001a1173eae80 flushing  nmethod 0x000001a10f4e4f88
Event: 8.449 Thread 0x000001a1173eae80 flushing  nmethod 0x000001a10f50ca08
Event: 8.449 Thread 0x000001a1173eae80 flushing  nmethod 0x000001a10f516c08
Event: 8.449 Thread 0x000001a1173eae80 flushing  nmethod 0x000001a10f51a088
Event: 8.449 Thread 0x000001a1173eae80 flushing  nmethod 0x000001a10f521288
Event: 8.449 Thread 0x000001a1173eae80 flushing  nmethod 0x000001a10f525008
Event: 8.449 Thread 0x000001a1173eae80 flushing  nmethod 0x000001a10f645c08
Event: 8.449 Thread 0x000001a1173eae80 flushing  nmethod 0x000001a10f669f88
Event: 8.449 Thread 0x000001a1173eae80 flushing  nmethod 0x000001a10f6b6b08
Event: 8.449 Thread 0x000001a1173eae80 flushing  nmethod 0x000001a10f7df908

Events (20 events):
Event: 10.009 Thread 0x000001a15ebc36f0 Thread exited: 0x000001a15ebc36f0
Event: 10.521 Thread 0x000001a15ebc5130 Thread added: 0x000001a15ebc5e50
Event: 10.526 Thread 0x000001a15ebc5e50 Thread exited: 0x000001a15ebc5e50
Event: 11.032 Thread 0x000001a15ebc5130 Thread added: 0x000001a15ebc36f0
Event: 11.037 Thread 0x000001a15ebc36f0 Thread exited: 0x000001a15ebc36f0
Event: 11.548 Thread 0x000001a15ebc5130 Thread added: 0x000001a15ebc3060
Event: 11.552 Thread 0x000001a15ebc3060 Thread exited: 0x000001a15ebc3060
Event: 12.059 Thread 0x000001a15ebc5130 Thread added: 0x000001a15ebc4aa0
Event: 12.064 Thread 0x000001a15ebc4aa0 Thread exited: 0x000001a15ebc4aa0
Event: 12.574 Thread 0x000001a15ebc5130 Thread added: 0x000001a15ebc64e0
Event: 12.581 Thread 0x000001a15ebc64e0 Thread exited: 0x000001a15ebc64e0
Event: 13.105 Thread 0x000001a106b561a0 Thread added: 0x000001a15ebc4aa0
Event: 15.549 Thread 0x000001a15ebc5130 Thread added: 0x000001a15ebc3d80
Event: 15.549 Thread 0x000001a15d3cf760 Thread exited: 0x000001a15d3cf760
Event: 17.577 Thread 0x000001a15ebc3d80 Thread exited: 0x000001a15ebc3d80
Event: 19.033 Thread 0x000001a15ebc5130 Thread added: 0x000001a15ebc3d80
Event: 19.150 Thread 0x000001a15ebc3d80 Thread exited: 0x000001a15ebc3d80
Event: 19.660 Thread 0x000001a15ebc5130 Thread added: 0x000001a15ebc57c0
Event: 19.662 Thread 0x000001a11750eee0 Thread exited: 0x000001a11750eee0
Event: 19.665 Thread 0x000001a15ebc57c0 Thread exited: 0x000001a15ebc57c0


Dynamic libraries:
0x00007ff6ab640000 - 0x00007ff6ab650000 	C:\Program Files\Java\jdk-23\bin\java.exe
0x00007ffad36c0000 - 0x00007ffad3927000 	C:\WINDOWS\SYSTEM32\ntdll.dll
0x00007ffad3020000 - 0x00007ffad30e9000 	C:\WINDOWS\System32\KERNEL32.DLL
0x00007ffad0110000 - 0x00007ffad0504000 	C:\WINDOWS\System32\KERNELBASE.dll
0x00007ffad1270000 - 0x00007ffad13bb000 	C:\WINDOWS\System32\ucrtbase.dll
0x00007ffa6d580000 - 0x00007ffa6d59b000 	C:\Program Files\Java\jdk-23\bin\VCRUNTIME140.dll
0x00007ffa65bc0000 - 0x00007ffa65bd7000 	C:\Program Files\Java\jdk-23\bin\jli.dll
0x00007ffad2530000 - 0x00007ffad26f5000 	C:\WINDOWS\System32\USER32.dll
0x00007ffad1060000 - 0x00007ffad1087000 	C:\WINDOWS\System32\win32u.dll
0x00007ffaba430000 - 0x00007ffaba6c3000 	C:\WINDOWS\WinSxS\amd64_microsoft.windows.common-controls_6595b64144ccf1df_6.0.26100.8115_none_3e075c82e3354f9c\COMCTL32.dll
0x00007ffad2c60000 - 0x00007ffad2c8b000 	C:\WINDOWS\System32\GDI32.dll
0x00007ffad1090000 - 0x00007ffad11ba000 	C:\WINDOWS\System32\gdi32full.dll
0x00007ffad2b30000 - 0x00007ffad2bd9000 	C:\WINDOWS\System32\msvcrt.dll
0x00007ffad11c0000 - 0x00007ffad1263000 	C:\WINDOWS\System32\msvcp_win.dll
0x00007ffad1730000 - 0x00007ffad1762000 	C:\WINDOWS\System32\IMM32.DLL
0x00007ffa793c0000 - 0x00007ffa793cc000 	C:\Program Files\Java\jdk-23\bin\vcruntime140_1.dll
0x00007ffa4fba0000 - 0x00007ffa4fc2e000 	C:\Program Files\Java\jdk-23\bin\msvcp140.dll
0x00007ff9f1fa0000 - 0x00007ff9f2cef000 	C:\Program Files\Java\jdk-23\bin\server\jvm.dll
0x00007ffad14c0000 - 0x00007ffad1576000 	C:\WINDOWS\System32\ADVAPI32.dll
0x00007ffad3160000 - 0x00007ffad3207000 	C:\WINDOWS\System32\sechost.dll
0x00007ffad1580000 - 0x00007ffad1698000 	C:\WINDOWS\System32\RPCRT4.dll
0x00007ffad16a0000 - 0x00007ffad1720000 	C:\WINDOWS\System32\WS2_32.dll
0x00007ffacfdf0000 - 0x00007ffacfe4e000 	C:\WINDOWS\SYSTEM32\POWRPROF.dll
0x00007ffac5ad0000 - 0x00007ffac5b06000 	C:\WINDOWS\SYSTEM32\WINMM.dll
0x00007fface050000 - 0x00007fface05b000 	C:\WINDOWS\SYSTEM32\VERSION.dll
0x00007ffacfdd0000 - 0x00007ffacfde4000 	C:\WINDOWS\SYSTEM32\UMPDC.dll
0x00007ffacec40000 - 0x00007ffacec5b000 	C:\WINDOWS\SYSTEM32\kernel.appcore.dll
0x00007ffa79070000 - 0x00007ffa7907a000 	C:\Program Files\Java\jdk-23\bin\jimage.dll
0x00007ffac11d0000 - 0x00007ffac1412000 	C:\WINDOWS\SYSTEM32\DBGHELP.DLL
0x00007ffad2c90000 - 0x00007ffad3012000 	C:\WINDOWS\System32\combase.dll
0x00007ffad1f10000 - 0x00007ffad1fe7000 	C:\WINDOWS\System32\OLEAUT32.dll
0x00007ffab47f0000 - 0x00007ffab482b000 	C:\WINDOWS\SYSTEM32\dbgcore.DLL
0x00007ffad0510000 - 0x00007ffad05b5000 	C:\WINDOWS\System32\bcryptPrimitives.dll
0x00007ffa77a60000 - 0x00007ffa77a6f000 	C:\Program Files\Java\jdk-23\bin\instrument.dll
0x00007ffa65940000 - 0x00007ffa6595e000 	C:\Program Files\Java\jdk-23\bin\java.dll
0x00007ffad3480000 - 0x00007ffad3617000 	C:\WINDOWS\System32\ole32.dll
0x00007ffad17a0000 - 0x00007ffad1f06000 	C:\WINDOWS\System32\SHELL32.dll
0x00007ffad0680000 - 0x00007ffad07ea000 	C:\WINDOWS\System32\wintypes.dll
0x00007ffad07f0000 - 0x00007ffad1055000 	C:\WINDOWS\System32\windows.storage.dll
0x00007ffad3370000 - 0x00007ffad3467000 	C:\WINDOWS\System32\SHCORE.dll
0x00007ffad1450000 - 0x00007ffad14b6000 	C:\WINDOWS\System32\shlwapi.dll
0x00007ffacfeb0000 - 0x00007ffacfed9000 	C:\WINDOWS\SYSTEM32\profapi.dll
0x00007ffa65010000 - 0x00007ffa65027000 	C:\Program Files\Java\jdk-23\bin\zip.dll
0x00007ffa77f40000 - 0x00007ffa77f50000 	C:\Program Files\Java\jdk-23\bin\net.dll
0x00007ffacf230000 - 0x00007ffacf29c000 	C:\WINDOWS\system32\mswsock.dll
0x00007ffa65660000 - 0x00007ffa65676000 	C:\Program Files\Java\jdk-23\bin\nio.dll
0x00007ffa717a0000 - 0x00007ffa717a9000 	C:\Program Files\Java\jdk-23\bin\extnet.dll
0x00007fface750000 - 0x00007fface882000 	C:\WINDOWS\SYSTEM32\DNSAPI.dll
0x00007fface5e0000 - 0x00007fface612000 	C:\WINDOWS\SYSTEM32\IPHLPAPI.DLL
0x00007ffad2700000 - 0x00007ffad270a000 	C:\WINDOWS\System32\NSI.dll
0x00007ffac1dd0000 - 0x00007ffac1ddb000 	C:\Windows\System32\rasadhlp.dll
0x00007ffaca1b0000 - 0x00007ffaca236000 	C:\WINDOWS\System32\fwpuclnt.dll
0x00007ffa6f340000 - 0x00007ffa6f34a000 	C:\Program Files\Java\jdk-23\bin\management.dll
0x00007ffa6df40000 - 0x00007ffa6df4b000 	C:\Program Files\Java\jdk-23\bin\management_ext.dll
0x00007ffad3470000 - 0x00007ffad3478000 	C:\WINDOWS\System32\PSAPI.DLL
0x00007ffacf630000 - 0x00007ffacf64b000 	C:\WINDOWS\SYSTEM32\CRYPTSP.dll
0x00007ffacec60000 - 0x00007ffacec99000 	C:\WINDOWS\system32\rsaenh.dll
0x00007ffacf2e0000 - 0x00007ffacf313000 	C:\WINDOWS\SYSTEM32\USERENV.dll
0x00007ffacfe80000 - 0x00007ffacfeaa000 	C:\WINDOWS\SYSTEM32\bcrypt.dll
0x00007ffacf490000 - 0x00007ffacf49c000 	C:\WINDOWS\SYSTEM32\CRYPTBASE.dll
0x00007ffab1fc0000 - 0x00007ffab1fd8000 	C:\WINDOWS\system32\napinsp.dll
0x00007ffab1f20000 - 0x00007ffab1f33000 	C:\WINDOWS\System32\winrnr.dll
0x00007ffab1ef0000 - 0x00007ffab1f12000 	C:\WINDOWS\system32\nlansp_c.dll
0x00007ffac1db0000 - 0x00007ffac1dc6000 	C:\WINDOWS\system32\wshbth.dll
0x00007ffa717e0000 - 0x00007ffa717ee000 	C:\Program Files\Java\jdk-23\bin\sunmscapi.dll
0x00007ffacff90000 - 0x00007ffad0107000 	C:\WINDOWS\System32\CRYPT32.dll
0x00007ffacf790000 - 0x00007ffacf7c0000 	C:\WINDOWS\SYSTEM32\ncrypt.dll
0x00007ffacf740000 - 0x00007ffacf77f000 	C:\WINDOWS\SYSTEM32\NTASN1.dll
0x00007ffabed30000 - 0x00007ffabed86000 	C:\WINDOWS\SYSTEM32\pdh.dll

dbghelp: loaded successfully - version: 4.0.5 - missing functions: none
symbol engine: initialized successfully - sym options: 0x614 - pdb path: .;C:\Program Files\Java\jdk-23\bin;C:\WINDOWS\SYSTEM32;C:\WINDOWS\WinSxS\amd64_microsoft.windows.common-controls_6595b64144ccf1df_6.0.26100.8115_none_3e075c82e3354f9c;C:\Program Files\Java\jdk-23\bin\server

VM Arguments:
jvm_args: -XX:TieredStopAtLevel=1 -Dspring.output.ansi.enabled=always -Dcom.sun.management.jmxremote -Dspring.jmx.enabled=true -Dspring.liveBeansView.mbeanDomain -Dspring.application.admin.enabled=true -Dmanagement.endpoints.jmx.exposure.include=* -javaagent:C:\Program Files\JetBrains\IntelliJ IDEA 2025.1.3\lib\idea_rt.jar=63329 -Dfile.encoding=UTF-8 -Dsun.stdout.encoding=UTF-8 -Dsun.stderr.encoding=UTF-8 
java_command: com.example.smartBiz.SmartBizApplication
java_class_path (initial): C:\Users\Musharaf\Downloads\smartBiz\smartBiz\target\classes;C:\Users\Musharaf\.m2\repository\org\projectlombok\lombok\1.18.42\lombok-1.18.42.jar;C:\Users\Musharaf\.m2\repository\org\springframework\boot\spring-boot-starter-data-jpa\4.0.2\spring-boot-starter-data-jpa-4.0.2.jar;C:\Users\Musharaf\.m2\repository\org\springframework\boot\spring-boot-starter\4.0.2\spring-boot-starter-4.0.2.jar;C:\Users\Musharaf\.m2\repository\org\springframework\boot\spring-boot-starter-logging\4.0.2\spring-boot-starter-logging-4.0.2.jar;C:\Users\Musharaf\.m2\repository\ch\qos\logback\logback-classic\1.5.25\logback-classic-1.5.25.jar;C:\Users\Musharaf\.m2\repository\ch\qos\logback\logback-core\1.5.25\logback-core-1.5.25.jar;C:\Users\Musharaf\.m2\repository\org\apache\logging\log4j\log4j-to-slf4j\2.25.3\log4j-to-slf4j-2.25.3.jar;C:\Users\Musharaf\.m2\repository\org\apache\logging\log4j\log4j-api\2.25.3\log4j-api-2.25.3.jar;C:\Users\Musharaf\.m2\repository\org\slf4j\jul-to-slf4j\2.0.17\jul-to-slf4j-2.0.17.jar;C:\Users\Musharaf\.m2\repository\org\springframework\boot\spring-boot-autoconfigure\4.0.2\spring-boot-autoconfigure-4.0.2.jar;C:\Users\Musharaf\.m2\repository\jakarta\annotation\jakarta.annotation-api\3.0.0\jakarta.annotation-api-3.0.0.jar;C:\Users\Musharaf\.m2\repository\org\yaml\snakeyaml\2.5\snakeyaml-2.5.jar;C:\Users\Musharaf\.m2\repository\org\springframework\boot\spring-boot-starter-jdbc\4.0.2\spring-boot-starter-jdbc-4.0.2.jar;C:\Users\Musharaf\.m2\repository\com\zaxxer\HikariCP\7.0.2\HikariCP-7.0.2.jar;C:\Users\Musharaf\.m2\repository\org\slf4j\slf4j-api\2.0.17\slf4j-api-2.0.17.jar;C:\Users\Musharaf\.m2\repository\org\springframework\boot\spring-boot-data-jpa\4.0.2\spring-boot-data-jpa-4.0.2.jar;C:\Users\Musharaf\.m2\repository\org\springframework\boot\spring-boot-data-commons\4.0.2\spring-boot-data-commons-4.0.2.jar;C:\Users\Musharaf\.m2\repository\org\springframework\boot\spring-boot-persistence\4.0.2\spring-boot-persistence-4.0.2.jar;C:\Users\Musharaf\.m2\repository\org\springframework\data\spring-data-commons\4.0.2\spring-data-commons-4.0.2.jar;C:\Users\Musharaf\.m2\repository\org\springframework\boot\spring-boot-hibernate\4.0.2\spring-boot-hibernate-4.0.2.jar;C:\Users\Musharaf\.m2\repository\org\springframework\boot\spring-boot-jpa\4.0.2\spring-boot-jpa-4.0.2.jar;C:\Users\Musharaf\.m2\repository\jakarta\persistence\jakarta.persistence-api\3.2.0\jakarta.persistence-api-3.2.0.jar;C:\Users\Musharaf\.m2\repository\org\hibernate\orm\hibernate-core\7.2.1.Final\hibernate-core-7.2.1.Final.jar;C:\Users\Musharaf\.m2\repository\jakarta\transaction\jakarta.transaction-api\2.0.1\jakarta.transaction-api-2.0.1.jar;C:\Users\Musharaf\.m2\repository\org\hibernate\models\hibernate-models\1.0.1\hibernate-models-1.0.1.jar;C:\Users\Musharaf\.m2\repository\org\glassfish\jaxb\jaxb-runtime\4.0.6\jaxb-runtime-4.0.6.jar;C:\Users\Musharaf\.m2\repository\org\glassfish\jaxb\jaxb-core\4.0.6\jaxb-core-4.0.6.jar;C:\Users\Musharaf\.m2\repository\org\eclipse\angus\angus-activation\2.0.3\angus-activation-2.0.3.jar;C:\Users\Musharaf\.m2\repository\org\glassfish\jaxb\txw2\4.0.6\txw2-4.0.6.jar;C:\Users\Musharaf\.m2\repository\com\sun\istack\istack-commons-runtime\4.1.2\istack-commons-runtime-4.1.2.jar;C:\Users\Musharaf\.m2\repository\jakarta\inject\jakarta.inject-api\2.0.1\jakarta.inject-api-2.0.1.jar;C:\Users\Musharaf\.m2\repository\org\springframework\spring-orm\7.0.3\spring-orm-7.0.3.jar;C:\Users\Musharaf\.m2\repository\org\springframework\data\spring-data-jpa\4.0.2\spring-data-jpa-4.0.2.jar;C:\Users\Musharaf\.m2\repository\org\springframework\spring-context\7.0.3\spring-context-7.0.3.jar;C:\Users\Musharaf\.m2\repository\org\springframework\spring-tx\7.0.3\spring-tx-7.0.3.jar;C:\Users\Musharaf\.m2\repository\org\antlr\antlr4-runtime\4.13.2\antlr4-runtime-4.13.2.jar;C:\Users\Musharaf\.m2\repository\org\springframework\spring-aspects\7.0.3\spring-aspects-7.0.3.jar;C:\Users\Musharaf\.m2\repository\org\aspectj\aspectjweaver\1.9.25.1\aspectjweaver-1.9.25.1.jar;C:\Users\Musharaf\.m2\repository\org\springframework\boot\spring-boot-jdbc\4.0.2\spring-boot-jdbc-4.0.2.jar;C:\Users\Musharaf\.m2\repository\org\springframework\boot\spring-boot\4.0.2\spring-boot-4.0.2.jar;C:\Users\Musharaf\.m2\repository\org\springframework\boot\spring-boot-sql\4.0.2\spring-boot-sql-4.0.2.jar;C:\Users\Musharaf\.m2\repository\org\springframework\boot\spring-boot-transaction\4.0.2\spring-boot-transaction-4.0.2.jar;C:\Users\Musharaf\.m2\repository\org\springframework\spring-jdbc\7.0.3\spring-jdbc-7.0.3.jar;C:\Users\Musharaf\.m2\repository\org\springframework\boot\spring-boot-starter-webmvc\4.0.2\spring-boot-starter-webmvc-4.0.2.jar;C:\Users\Musharaf\.m2\repository\org\springframework\boot\spring-boot-starter-jackson\4.0.2\spring-boot-starter-jackson-4.0.2.jar;C:\Users\Musharaf\.m2\repository\org\springframework\boot\spring-boot-jackson\4.0.2\spring-boot-jackson-4.0.2.jar;C:\Users\Musharaf\.m2\repository\tools\jackson\core\jackson-databind\3.0.4\jackson-databind-3.0.4.jar;C:\Users\Musharaf\.m2\repository\tools\jackson\core\jackson-core\3.0.4\jackson-core-3.0.4.jar;C:\Users\Musharaf\.m2\repository\org\springframework\boot\spring-boot-http-converter\4.0.2\spring-boot-http-converter-4.0.2.jar;C:\Users\Musharaf\.m2\repository\org\springframework\spring-web\7.0.3\spring-web-7.0.3.jar;C:\Users\Musharaf\.m2\repository\io\micrometer\micrometer-observation\1.16.2\micrometer-observation-1.16.2.jar;C:\Users\Musharaf\.m2\repository\io\micrometer\micrometer-commons\1.16.2\micrometer-commons-1.16.2.jar;C:\Users\Musharaf\.m2\repository\org\springframework\boot\spring-boot-webmvc\4.0.2\spring-boot-webmvc-4.0.2.jar;C:\Users\Musharaf\.m2\repository\org\springframework\boot\spring-boot-servlet\4.0.2\spring-boot-servlet-4.0.2.jar;C:\Users\Musharaf\.m2\repository\org\springframework\spring-webmvc\7.0.3\spring-webmvc-7.0.3.jar;C:\Users\Musharaf\.m2\repository\org\springframework\spring-expression\7.0.3\spring-expression-7.0.3.jar;C:\Users\Musharaf\.m2\repository\com\mysql\mysql-connector-j\9.5.0\mysql-connector-j-9.5.0.jar;C:\Users\Musharaf\.m2\repository\org\springframework\boot\spring-boot-starter-tomcat\4.0.2\spring-boot-starter-tomcat-4.0.2.jar;C:\Users\Musharaf\.m2\repository\org\springframework\boot\spring-boot-starter-tomcat-runtime\4.0.2\spring-boot-starter-tomcat-runtime-4.0.2.jar;C:\Users\Musharaf\.m2\repository\org\springframework\boot\spring-boot-web-server\4.0.2\spring-boot-web-server-4.0.2.jar;C:\Users\Musharaf\.m2\repository\org\apache\tomcat\embed\tomcat-embed-core\11.0.15\tomcat-embed-core-11.0.15.jar;C:\Users\Musharaf\.m2\repository\org\apache\tomcat\embed\tomcat-embed-el\11.0.15\tomcat-embed-el-11.0.15.jar;C:\Users\Musharaf\.m2\repository\org\apache\tomcat\embed\tomcat-embed-websocket\11.0.15\tomcat-embed-websocket-11.0.15.jar;C:\Users\Musharaf\.m2\repository\org\springframework\boot\spring-boot-tomcat\4.0.2\spring-boot-tomcat-4.0.2.jar;C:\Users\Musharaf\.m2\repository\jakarta\xml\bind\jakarta.xml.bind-api\4.0.4\jakarta.xml.bind-api-4.0.4.jar;C:\Users\Musharaf\.m2\repository\jakarta\activation\jakarta.activation-api\2.1.4\jakarta.activation-api-2.1.4.jar;C:\Users\Musharaf\.m2\repository\net\bytebuddy\byte-buddy\1.17.8\byte-buddy-1.17.8.jar;C:\Users\Musharaf\.m2\repository\org\springframework\spring-core\7.0.3\spring-core-7.0.3.jar;C:\Users\Musharaf\.m2\repository\commons-logging\commons-logging\1.3.5\commons-logging-1.3.5.jar;C:\Users\Musharaf\.m2\repository\com\github\librepdf\openpdf\1.3.39\openpdf-1.3.39.jar;C:\Users\Musharaf\.m2\repository\io\jsonwebtoken\jjwt-api\0.11.5\jjwt-api-0.11.5.jar;C:\Users\Musharaf\.m2\repository\io\jsonwebtoken\jjwt-impl\0.11.5\jjwt-impl-0.11.5.jar;C:\Users\Musharaf\.m2\repository\io\jsonwebtoken\jjwt-jackson\0.11.5\jjwt-jackson-0.11.5.jar;C:\Users\Musharaf\.m2\repository\com\fasterxml\jackson\core\jackson-databind\2.20.2\jackson-databind-2.20.2.jar;C:\Users\Musharaf\.m2\repository\com\fasterxml\jackson\core\jackson-annotations\2.20\jackson-annotations-2.20.jar;C:\Users\Musharaf\.m2\repository\com\fasterxml\jackson\core\jackson-core\2.20.2\jackson-core-2.20.2.jar;C:\Users\Musharaf\.m2\repository\org\springframework\boot\spring-boot-starter-security\4.0.2\spring-boot-starter-security-4.0.2.jar;C:\Users\Musharaf\.m2\repository\org\springframework\boot\spring-boot-security\4.0.2\spring-boot-security-4.0.2.jar;C:\Users\Musharaf\.m2\repository\org\springframework\security\spring-security-config\7.0.2\spring-security-config-7.0.2.jar;C:\Users\Musharaf\.m2\repository\org\springframework\security\spring-security-core\7.0.2\spring-security-core-7.0.2.jar;C:\Users\Musharaf\.m2\repository\org\springframework\security\spring-security-crypto\7.0.2\spring-security-crypto-7.0.2.jar;C:\Users\Musharaf\.m2\repository\org\springframework\security\spring-security-web\7.0.2\spring-security-web-7.0.2.jar;C:\Users\Musharaf\.m2\repository\org\springframework\spring-aop\7.0.3\spring-aop-7.0.3.jar;C:\Users\Musharaf\.m2\repository\org\springframework\spring-beans\7.0.3\spring-beans-7.0.3.jar;C:\Users\Musharaf\.m2\repository\org\springframework\boot\spring-boot-starter-validation\4.0.2\spring-boot-starter-validation-4.0.2.jar;C:\Users\Musharaf\.m2\repository\org\springframework\boot\spring-boot-validation\4.0.2\spring-boot-validation-4.0.2.jar;C:\Users\Musharaf\.m2\repository\org\hibernate\validator\hibernate-validator\9.0.1.Final\hibernate-validator-9.0.1.Final.jar;C:\Users\Musharaf\.m2\repository\jakarta\validation\jakarta.validation-api\3.1.1\jakarta.validation-api-3.1.1.jar;C:\Users\Musharaf\.m2\repository\org\jboss\logging\jboss-logging\3.6.1.Final\jboss-logging-3.6.1.Final.jar;C:\Users\Musharaf\.m2\repository\com\fasterxml\classmate\1.7.3\classmate-1.7.3.jar;C:\Users\Musharaf\.m2\repository\org\springdoc\springdoc-openapi-starter-webmvc-ui\2.8.5\springdoc-openapi-starter-webmvc-ui-2.8.5.jar;C:\Users\Musharaf\.m2\repository\org\springdoc\springdoc-openapi-starter-webmvc-api\2.8.5\springdoc-openapi-starter-webmvc-api-2.8.5.jar;C:\Users\Musharaf\.m2\repository\org\springdoc\springdoc-openapi-starter-common\2.8.5\springdoc-openapi-starter-common-2.8.5.jar;C:\Users\Musharaf\.m2\repository\io\swagger\core\v3\swagger-core-jakarta\2.2.28\swagger-core-jakarta-2.2.28.jar;C:\Users\Musharaf\.m2\repository\org\apache\commons\commons-lang3\3.19.0\commons-lang3-3.19.0.jar;C:\Users\Musharaf\.m2\repository\io\swagger\core\v3\swagger-annotations-jakarta\2.2.28\swagger-annotations-jakarta-2.2.28.jar;C:\Users\Musharaf\.m2\repository\io\swagger\core\v3\swagger-models-jakarta\2.2.28\swagger-models-jakarta-2.2.28.jar;C:\Users\Musharaf\.m2\repository\com\fasterxml\jackson\dataformat\jackson-dataformat-yaml\2.20.2\jackson-dataformat-yaml-2.20.2.jar;C:\Users\Musharaf\.m2\repository\com\fasterxml\jackson\datatype\jackson-datatype-jsr310\2.20.2\jackson-datatype-jsr310-2.20.2.jar;C:\Users\Musharaf\.m2\repository\org\webjars\swagger-ui\5.18.3\swagger-ui-5.18.3.jar;C:\Users\Musharaf\.m2\repository\org\webjars\webjars-locator-lite\1.1.3\webjars-locator-lite-1.1.3.jar;C:\Users\Musharaf\.m2\repository\org\jspecify\jspecify\1.0.0\jspecify-1.0.0.jar;C:\Users\Musharaf\.m2\repository\com\bucket4j\bucket4j-core\8.10.1\bucket4j-core-8.10.1.jar;C:\Users\Musharaf\.m2\repository\com\github\ben-manes\caffeine\caffeine\3.1.8\caffeine-3.1.8.jar;C:\Users\Musharaf\.m2\repository\org\checkerframework\checker-qual\3.37.0\checker-qual-3.37.0.jar;C:\Users\Musharaf\.m2\repository\com\google\errorprone\error_prone_annotations\2.21.1\error_prone_annotations-2.21.1.jar
Launcher Type: SUN_STANDARD

[Global flags]
     intx CICompilerCount                          = 4                                         {product} {ergonomic}
     uint ConcGCThreads                            = 2                                         {product} {ergonomic}
     uint G1ConcRefinementThreads                  = 8                                         {product} {ergonomic}
   size_t G1HeapRegionSize                         = 1048576                                   {product} {ergonomic}
   size_t InitialHeapSize                          = 123731968                                 {product} {ergonomic}
     bool ManagementServer                         = true                                      {product} {command line}
   size_t MarkStackSize                            = 4194304                                   {product} {ergonomic}
   size_t MarkStackSizeMax                         = 536870912                                 {product} {ergonomic}
   size_t MaxHeapSize                              = 1954545664                                {product} {ergonomic}
   size_t MaxNewSize                               = 1172307968                                {product} {ergonomic}
   size_t MinHeapDeltaBytes                        = 1048576                                   {product} {ergonomic}
   size_t MinHeapSize                              = 8388608                                   {product} {ergonomic}
    uintx NonNMethodCodeHeapSize                   = 4096                                   {pd product} {ergonomic}
    uintx NonProfiledCodeHeapSize                  = 0                                      {pd product} {ergonomic}
     bool ProfileInterpreter                       = false                                  {pd product} {command line}
    uintx ProfiledCodeHeapSize                     = 0                                      {pd product} {ergonomic}
   size_t SoftMaxHeapSize                          = 1954545664                             {manageable} {ergonomic}
     intx TieredStopAtLevel                        = 1                                         {product} {command line}
     bool UseCompressedOops                        = true                           {product lp64_product} {ergonomic}
     bool UseG1GC                                  = true                                      {product} {ergonomic}
     bool UseLargePagesIndividualAllocation        = false                                  {pd product} {ergonomic}

Logging:
Log output configuration:
 #0: stdout all=warning uptime,level,tags foldmultilines=false
 #1: stderr all=off uptime,level,tags foldmultilines=false

Environment Variables:
PATH=C:\Program Files\Java\jdk-17\bin;C:\Program Files (x86)\Common Files\Intel\Shared Libraries\redist\intel64\compiler;C:\Program Files\Common Files\Oracle\Java\javapath;C:\WINDOWS\system32;C:\WINDOWS;C:\WINDOWS\System32\Wbem;C:\WINDOWS\System32\WindowsPowerShell\v1.0\;C:\WINDOWS\System32\OpenSSH\;C:\Program Files\Java\jdk-21\bin;C:\Program Files\nodejs\;C:\Program Files\Git\cmd;C:\Program Files\VideoLAN\VLC;C:\Program Files\LocalSend;C:\Program Files\cursor\resources\app\bin;%LOCALAPPDATA%\Android\Sdk\platform-tools;C:\Program Files\Java\jdk-17\bin;C:\Program Files (x86)\Common Files\Intel\Shared Libraries\redist\intel64\compiler;C:\Program Files\Common Files\Oracle\Java\javapath;C:\WINDOWS\system32;C:\WINDOWS;C:\WINDOWS\System32\Wbem;C:\WINDOWS\System32\WindowsPowerShell\v1.0\;C:\WINDOWS\System32\OpenSSH\;C:\Program Files\Java\jdk-21\bin;C:\Program Files\nodejs\;C:\Program Files\Git\cmd;C:\Program Files\VideoLAN\VLC;C:\Program Files\LocalSend;C:\Program Files\cursor\resources\app\bin;%LOCALAPPDATA%\Android\Sdk\platform-tools;C:\Users\Musharaf\AppData\Local\Programs\Python\Python312\Scripts\;C:\Users\Musharaf\AppData\Local\Programs\Python\Python312\;C:\Users\Musharaf\AppData\Local\Microsoft\WindowsApps;C:\Users\Musharaf\AppData\Local\Programs\mongosh\;C:\Program Files\MongoDB\Server\7.0\bin;C:\Users\Musharaf\AppData\Roaming\npm;;C:\Users\Musharaf\AppData\Local\Programs\Ollama;C:\Users\Musharaf\AppData\Local\Programs\Antigravity\bin;C:\Users\Musharaf\AppData\Local\Programs\Microsoft VS Code\bin;C:\Users\Musharaf\.local\bin;C:\Users\Musharaf\.local\bin
USERNAME=Musharaf
OS=Windows_NT
PROCESSOR_IDENTIFIER=AMD64 Family 23 Model 160 Stepping 0, AuthenticAMD
TMP=C:\Users\Musharaf\AppData\Local\Temp
TEMP=C:\Users\Musharaf\AppData\Local\Temp




Periodic native trim disabled

---------------  S Y S T E M  ---------------

OS:
 Windows 11 , 64 bit Build 26100 (10.0.26100.8115)
OS uptime: 0 days 23:51 hours
Hyper-V role detected

CPU: total 8 (initial active 8) (8 cores per cpu, 2 threads per core) family 23 model 160 stepping 0 microcode 0x8a00006, cx8, cmov, fxsr, ht, mmx, 3dnowpref, sse, sse2, sse3, ssse3, sse4a, sse4.1, sse4.2, popcnt, lzcnt, tsc, tscinvbit, avx, avx2, aes, clmul, bmi1, bmi2, adx, sha, fma, vzeroupper, clflush, clflushopt, hv, rdtscp, rdpid, f16c
Processor Information for the first 8 processors :
  Max Mhz: 2801, Current Mhz: 2801, Mhz Limit: 2801

Memory: 4k page, system-wide physical 7455M (450M free)
TotalPageFile size 29983M (AvailPageFile size 0M)
current process WorkingSet (physical memory assigned to process): 144M, peak: 170M
current process commit charge ("private bytes"): 225M, peak: 240M

vm_info: Java HotSpot(TM) 64-Bit Server VM (23+37-2369) for windows-amd64 JRE (23+37-2369), built on 2024-08-20T16:01:23Z with MS VC++ 17.6 (VS2022)

END.
